step,action,x,y,map,direction,hp,battle,reward,visited_tiles,terminated,truncated,episode_reward
1,Action.UP,5,4,38,1.0,0,0,50.0,0,False,False,50.0
2,Action.B,5,4,38,1.0,0,0,1.0,0,False,False,51.0
3,Action.B,5,4,38,1.0,0,0,0.0,0,False,False,51.0
4,Action.B,5,4,38,1.0,0,0,-0.03,0,False,False,50.97
5,Action.DOWN,5,5,38,0.0,0,0,0.0,0,False,False,50.97
6,Action.A,5,5,38,0.0,0,0,1.0,0,False,False,51.97
7,Action.UP,5,4,38,1.0,0,0,-0.04,0,False,False,51.93
8,Action.B,5,4,38,1.0,0,0,-0.05,0,False,False,51.88
9,Action.DOWN,5,5,38,0.0,0,0,0.0,0,False,False,51.88
10,Action.LEFT,4,5,38,2.0,0,0,0.0,0,False,False,51.88
11,Action.RIGHT,5,5,38,3.0,0,0,-0.03,0,False,False,51.85
12,Action.UP,5,4,38,1.0,0,0,-0.06,0,False,False,51.79
13,Action.B,5,4,38,1.0,0,0,-0.07,0,False,False,51.72
14,Action.B,5,4,38,1.0,0,0,-0.08,0,False,False,51.64
15,Action.LEFT,4,4,38,2.0,0,0,0.0,0,False,False,51.64
16,Action.RIGHT,5,4,38,3.0,0,0,-0.09,0,False,False,51.55
17,Action.B,5,4,38,3.0,0,0,-0.1,0,False,False,51.449999999999996
18,Action.B,5,4,38,3.0,0,0,-0.1,0,False,False,51.349999999999994
19,Action.DOWN,5,5,38,0.0,0,0,-0.04,0,False,False,51.309999999999995
20,Action.LEFT,4,5,38,2.0,0,0,1.0,0,False,False,52.309999999999995
21,Action.DOWN,4,6,38,0.0,0,0,0.0,0,False,False,52.309999999999995
22,Action.RIGHT,5,6,38,3.0,0,0,0.0,0,False,False,52.309999999999995
23,Action.UP,5,5,38,1.0,0,0,-0.05,0,False,False,52.26
24,Action.UP,5,4,38,1.0,0,0,-0.1,0,False,False,52.16
25,Action.B,5,4,38,1.0,0,0,-0.1,0,False,False,52.059999999999995
26,Action.B,5,4,38,1.0,0,0,-0.1,0,False,False,51.959999999999994
27,Action.B,5,4,38,1.0,0,0,-0.1,0,False,False,51.85999999999999
28,Action.B,5,4,38,1.0,0,0,-0.1,0,False,False,51.75999999999999
29,Action.B,5,4,38,1.0,0,0,-0.1,0,False,False,51.65999999999999
30,Action.B,5,4,38,1.0,0,0,-0.1,0,False,False,51.55999999999999
31,Action.B,5,4,38,1.0,0,0,-0.1,0,False,False,51.45999999999999
32,Action.A,5,4,38,1.0,0,0,-0.1,0,False,False,51.359999999999985
33,Action.A,5,4,38,1.0,0,0,-0.1,0,False,False,51.259999999999984
34,Action.DOWN,5,5,38,0.0,0,0,-0.06,0,False,False,51.19999999999998
35,Action.UP,5,4,38,1.0,0,0,-0.1,0,False,False,51.09999999999998
36,Action.B,5,4,38,1.0,0,0,-0.1,0,False,False,50.99999999999998
37,Action.B,5,4,38,1.0,0,0,-0.1,0,False,False,50.89999999999998
38,Action.B,5,4,38,1.0,0,0,-0.1,0,False,False,50.799999999999976
39,Action.B,5,4,38,1.0,0,0,-0.1,0,False,False,50.699999999999974
40,Action.B,5,4,38,1.0,0,0,-0.1,0,False,False,50.59999999999997
41,Action.B,5,4,38,1.0,0,0,-0.1,0,False,False,50.49999999999997
42,Action.B,5,4,38,1.0,0,0,-0.1,0,False,False,50.39999999999997
43,Action.B,5,4,38,1.0,0,0,-0.1,0,False,False,50.29999999999997
44,Action.B,5,4,38,1.0,0,0,-0.1,0,False,False,50.19999999999997
45,Action.DOWN,5,5,38,0.0,0,0,-0.07,0,False,False,50.12999999999997
46,Action.UP,5,4,38,1.0,0,0,-0.1,0,False,False,50.029999999999966
47,Action.B,5,4,38,1.0,0,0,-0.1,0,False,False,49.929999999999964
48,Action.DOWN,5,5,38,0.0,0,0,-0.08,0,False,False,49.849999999999966
49,Action.LEFT,4,5,38,2.0,0,0,0.0,0,False,False,49.849999999999966
50,Action.LEFT,4,5,38,2.0,0,0,-0.03,0,False,False,49.819999999999965
51,Action.LEFT,4,5,38,2.0,0,0,-0.04,0,False,False,49.779999999999966
52,Action.RIGHT,5,5,38,3.0,0,0,-0.09,0,False,False,49.68999999999996
53,Action.UP,5,4,38,1.0,0,0,-0.1,0,False,False,49.58999999999996
54,Action.B,5,4,38,1.0,0,0,-0.1,0,False,False,49.48999999999996
55,Action.B,5,4,38,1.0,0,0,-0.1,0,False,False,49.38999999999996
56,Action.DOWN,5,5,38,0.0,0,0,-0.1,0,False,False,49.28999999999996
57,Action.LEFT,4,5,38,2.0,0,0,-0.05,0,False,False,49.23999999999996
58,Action.LEFT,4,5,38,2.0,0,0,-0.06,0,False,False,49.17999999999996
59,Action.LEFT,4,5,38,2.0,0,0,-0.07,0,False,False,49.10999999999996
60,Action.LEFT,4,5,38,2.0,0,0,-0.08,0,False,False,49.02999999999996
61,Action.LEFT,4,5,38,2.0,0,0,-0.09,0,False,False,48.939999999999955
62,Action.LEFT,4,5,38,2.0,0,0,-0.1,0,False,False,48.839999999999954
63,Action.RIGHT,5,5,38,3.0,0,0,-0.1,0,False,False,48.73999999999995
64,Action.UP,5,4,38,1.0,0,0,-0.1,0,False,False,48.63999999999995
65,Action.UP,5,3,38,1.0,0,0,0.0,0,False,False,48.63999999999995
66,Action.UP,5,2,38,1.0,0,0,0.0,0,False,False,48.63999999999995
67,Action.UP,5,1,38,1.0,0,0,0.0,0,False,False,48.63999999999995
68,Action.RIGHT,6,1,38,3.0,0,0,0.0,0,False,False,48.63999999999995
69,Action.LEFT,5,1,38,2.0,0,0,1.0,0,False,False,49.63999999999995
70,Action.LEFT,4,1,38,2.0,0,0,0.0,0,False,False,49.63999999999995
71,Action.UP,4,1,38,1.0,0,0,1.0,0,False,False,50.63999999999995
72,Action.LEFT,3,1,38,2.0,0,0,0.0,0,False,False,50.63999999999995
73,Action.RIGHT,4,1,38,3.0,0,0,0.0,0,False,False,50.63999999999995
74,Action.NO_OP,4,1,38,3.0,0,0,-0.03,0,False,False,50.60999999999995
75,Action.NO_OP,4,1,38,3.0,0,0,-0.04,0,False,False,50.56999999999995
76,Action.UP,4,1,38,1.0,0,0,-0.05,0,False,False,50.51999999999995
77,Action.LEFT,3,1,38,2.0,0,0,1.0,0,False,False,51.51999999999995
78,Action.UP,3,1,38,1.0,0,0,0.0,0,False,False,51.51999999999995
79,Action.RIGHT,4,1,38,3.0,0,0,-0.06,0,False,False,51.45999999999995
80,Action.UP,4,1,38,1.0,0,0,-0.07,0,False,False,51.38999999999995
81,Action.UP,4,1,38,1.0,0,0,-0.08,0,False,False,51.30999999999995
82,Action.UP,4,1,38,1.0,0,0,-0.09,0,False,False,51.21999999999995
83,Action.UP,4,1,38,1.0,0,0,-0.1,0,False,False,51.11999999999995
84,Action.UP,4,1,38,1.0,0,0,-0.1,0,False,False,51.019999999999946
85,Action.UP,4,1,38,1.0,0,0,-0.1,0,False,False,50.919999999999945
86,Action.UP,4,1,38,1.0,0,0,-0.1,0,False,False,50.81999999999994
87,Action.UP,4,1,38,1.0,0,0,-0.1,0,False,False,50.71999999999994
88,Action.NO_OP,4,1,38,1.0,0,0,-0.1,0,False,False,50.61999999999994
89,Action.NO_OP,4,1,38,1.0,0,0,-0.1,0,False,False,50.51999999999994
90,Action.NO_OP,4,1,38,1.0,0,0,-0.1,0,False,False,50.41999999999994
91,Action.NO_OP,4,1,38,1.0,0,0,-0.1,0,False,False,50.319999999999936
92,Action.NO_OP,4,1,38,1.0,0,0,-0.1,0,False,False,50.219999999999935
93,Action.NO_OP,4,1,38,1.0,0,0,-0.1,0,False,False,50.11999999999993
94,Action.NO_OP,4,1,38,1.0,0,0,-0.1,0,False,False,50.01999999999993
95,Action.NO_OP,4,1,38,1.0,0,0,-0.1,0,False,False,49.91999999999993
96,Action.DOWN,4,2,38,0.0,0,0,0.0,0,False,False,49.91999999999993
97,Action.RIGHT,5,2,38,3.0,0,0,1.0,0,False,False,50.91999999999993
98,Action.UP,5,1,38,1.0,0,0,0.0,0,False,False,50.91999999999993
99,Action.B,5,1,38,1.0,0,0,-0.03,0,False,False,50.88999999999993
100,Action.UP,5,1,38,1.0,0,0,-0.04,0,False,False,50.84999999999993
101,Action.LEFT,4,1,38,2.0,0,0,-0.1,0,False,False,50.74999999999993
102,Action.UP,4,1,38,1.0,0,0,-0.1,0,False,False,50.64999999999993
103,Action.UP,4,1,38,1.0,0,0,-0.1,0,False,False,50.549999999999926
104,Action.UP,4,1,38,1.0,0,0,-0.1,0,False,False,50.449999999999925
105,Action.NO_OP,4,1,38,1.0,0,0,-0.1,0,False,False,50.34999999999992
106,Action.NO_OP,4,1,38,1.0,0,0,-0.1,0,False,False,50.24999999999992
107,Action.NO_OP,4,1,38,1.0,0,0,-0.1,0,False,False,50.14999999999992
108,Action.NO_OP,4,1,38,1.0,0,0,-0.1,0,False,False,50.04999999999992
109,Action.NO_OP,4,1,38,1.0,0,0,-0.1,0,False,False,49.94999999999992
110,Action.NO_OP,4,1,38,1.0,0,0,-0.1,0,False,False,49.849999999999916
111,Action.NO_OP,4,1,38,1.0,0,0,-0.1,0,False,False,49.749999999999915
112,Action.NO_OP,4,1,38,1.0,0,0,-0.1,0,False,False,49.64999999999991
113,Action.NO_OP,4,1,38,1.0,0,0,-0.1,0,False,False,49.54999999999991
114,Action.NO_OP,4,1,38,1.0,0,0,-2.1,0,False,False,47.44999999999991
115,Action.NO_OP,4,1,38,1.0,0,0,-2.1,0,False,False,45.34999999999991
116,Action.NO_OP,4,1,38,1.0,0,0,-2.1,0,False,False,43.24999999999991
117,Action.NO_OP,4,1,38,1.0,0,0,-2.1,0,False,False,41.149999999999906
118,Action.NO_OP,4,1,38,1.0,0,0,-2.1,0,False,False,39.049999999999905
119,Action.A,4,1,38,1.0,0,0,-0.1,0,False,False,38.9499999999999
120,Action.NO_OP,4,1,38,1.0,0,0,-0.1,0,False,False,38.8499999999999
121,Action.NO_OP,4,1,38,1.0,0,0,-0.1,0,False,False,38.7499999999999
122,Action.NO_OP,4,1,38,1.0,0,0,-0.1,0,False,False,38.6499999999999
123,Action.NO_OP,4,1,38,1.0,0,0,-0.1,0,False,False,38.5499999999999
124,Action.NO_OP,4,1,38,1.0,0,0,-0.1,0,False,False,38.449999999999896
125,Action.NO_OP,4,1,38,1.0,0,0,-0.1,0,False,False,38.349999999999895
126,Action.NO_OP,4,1,38,1.0,0,0,-0.1,0,False,False,38.24999999999989
127,Action.NO_OP,4,1,38,1.0,0,0,-0.1,0,False,False,38.14999999999989
128,Action.NO_OP,4,1,38,1.0,0,0,-0.1,0,False,False,38.04999999999989
129,Action.NO_OP,4,1,38,1.0,0,0,-2.1,0,False,False,35.94999999999989
130,Action.NO_OP,4,1,38,1.0,0,0,-2.1,0,False,False,33.84999999999989
131,Action.NO_OP,4,1,38,1.0,0,0,-2.1,0,False,False,31.749999999999886
132,Action.NO_OP,4,1,38,1.0,0,0,-2.1,0,False,False,29.649999999999885
133,Action.NO_OP,4,1,38,1.0,0,0,-2.1,0,False,False,27.549999999999883
134,Action.NO_OP,4,1,38,1.0,0,0,-2.1,0,False,False,25.449999999999882
135,Action.NO_OP,4,1,38,1.0,0,0,-2.1,0,False,False,23.34999999999988
136,Action.NO_OP,4,1,38,1.0,0,0,-2.1,0,False,False,21.24999999999988
137,Action.NO_OP,4,1,38,1.0,0,0,-2.1,0,False,False,19.149999999999878
138,Action.NO_OP,4,1,38,1.0,0,0,-2.1,0,False,False,17.049999999999876
139,Action.NO_OP,4,1,38,1.0,0,0,-2.1,0,False,False,14.949999999999877
140,Action.NO_OP,4,1,38,1.0,0,0,-2.1,0,False,False,12.849999999999877
141,Action.NO_OP,4,1,38,1.0,0,0,-2.1,0,False,False,10.749999999999877
142,Action.NO_OP,4,1,38,1.0,0,0,-2.1,0,False,False,8.649999999999878
143,Action.NO_OP,4,1,38,1.0,0,0,-2.1,0,False,False,6.549999999999878
144,Action.NO_OP,4,1,38,1.0,0,0,-2.1,0,False,False,4.4499999999998785
145,Action.NO_OP,4,1,38,1.0,0,0,-2.1,0,False,False,2.3499999999998784
146,Action.LEFT,3,1,38,2.0,0,0,-0.03,0,False,False,2.3199999999998786
147,Action.RIGHT,4,1,38,3.0,0,0,-0.1,0,False,False,2.2199999999998785
148,Action.NO_OP,4,1,38,3.0,0,0,-0.1,0,False,False,2.1199999999998784
149,Action.NO_OP,4,1,38,3.0,0,0,-0.1,0,False,False,2.0199999999998783
150,Action.LEFT,3,1,38,2.0,0,0,-0.04,0,False,False,1.9799999999998783
151,Action.RIGHT,4,1,38,3.0,0,0,-0.1,0,False,False,1.8799999999998782
152,Action.NO_OP,4,1,38,3.0,0,0,-0.1,0,False,False,1.7799999999998781
153,Action.NO_OP,4,1,38,3.0,0,0,-0.1,0,False,False,1.679999999999878
154,Action.A,4,1,38,3.0,0,0,-0.1,0,False,False,1.579999999999878
155,Action.UP,4,1,38,1.0,0,0,-0.1,0,False,False,1.4799999999998779
156,Action.NO_OP,4,1,38,1.0,0,0,-0.1,0,False,False,1.3799999999998778
157,Action.NO_OP,4,1,38,1.0,0,0,-0.1,0,False,False,1.2799999999998777
158,Action.NO_OP,4,1,38,1.0,0,0,-0.1,0,False,False,1.1799999999998776
159,Action.NO_OP,4,1,38,1.0,0,0,-0.1,0,False,False,1.0799999999998775
160,Action.NO_OP,4,1,38,1.0,0,0,-0.1,0,False,False,0.9799999999998775
161,Action.NO_OP,4,1,38,1.0,0,0,-0.1,0,False,False,0.8799999999998775
162,Action.NO_OP,4,1,38,1.0,0,0,-0.1,0,False,False,0.7799999999998776
163,Action.NO_OP,4,1,38,1.0,0,0,-0.1,0,False,False,0.6799999999998776
164,Action.UP,4,1,38,1.0,0,0,-0.1,0,False,False,0.5799999999998776
165,Action.UP,4,1,38,1.0,0,0,-0.1,0,False,False,0.47999999999987764
166,Action.UP,4,1,38,1.0,0,0,-0.1,0,False,False,0.37999999999987766
167,Action.UP,4,1,38,1.0,0,0,-0.1,0,False,False,0.2799999999998777
168,Action.UP,4,1,38,1.0,0,0,-0.1,0,False,False,0.17999999999987767
169,Action.NO_OP,4,1,38,1.0,0,0,-0.1,0,False,False,0.07999999999987767
170,Action.NO_OP,4,1,38,1.0,0,0,-0.1,0,False,False,-0.020000000000122337
171,Action.DOWN,4,2,38,0.0,0,0,1.0,0,False,False,0.9799999999998776
172,Action.RIGHT,5,2,38,3.0,0,0,0.0,0,False,False,0.9799999999998776
173,Action.UP,5,1,38,1.0,0,0,-0.05,0,False,False,0.9299999999998776
174,Action.NO_OP,5,1,38,1.0,0,0,-0.06,0,False,False,0.8699999999998775
175,Action.NO_OP,5,1,38,1.0,0,0,-0.07,0,False,False,0.7999999999998775
176,Action.UP,5,1,38,1.0,0,0,-0.08,0,False,False,0.7199999999998775
177,Action.UP,5,1,38,1.0,0,0,-0.09,0,False,False,0.6299999999998775
178,Action.NO_OP,5,1,38,1.0,0,0,-0.1,0,False,False,0.5299999999998776
179,Action.UP,5,1,38,1.0,0,0,-0.1,0,False,False,0.4299999999998776
180,Action.UP,5,1,38,1.0,0,0,-0.1,0,False,False,0.3299999999998776
181,Action.UP,5,1,38,1.0,0,0,-0.1,0,False,False,0.2299999999998776
182,Action.UP,5,1,38,1.0,0,0,-0.1,0,False,False,0.1299999999998776
183,Action.UP,5,1,38,1.0,0,0,-0.1,0,False,False,0.029999999999877597
184,Action.UP,5,1,38,1.0,0,0,-0.1,0,False,False,-0.07000000000012241
185,Action.UP,5,1,38,1.0,0,0,-0.1,0,False,False,-0.17000000000012241
186,Action.UP,5,1,38,1.0,0,0,-0.1,0,False,False,-0.2700000000001224
187,Action.UP,5,1,38,1.0,0,0,-0.1,0,False,False,-0.37000000000012245
188,Action.B,5,1,38,1.0,0,0,-0.1,0,False,False,-0.47000000000012243
189,Action.UP,5,1,38,1.0,0,0,-0.1,0,False,False,-0.5700000000001224
190,Action.UP,5,1,38,1.0,0,0,-0.1,0,False,False,-0.6700000000001224
191,Action.UP,5,1,38,1.0,0,0,-0.1,0,False,False,-0.7700000000001224
192,Action.UP,5,1,38,1.0,0,0,-0.1,0,False,False,-0.8700000000001223
193,Action.LEFT,4,1,38,2.0,0,0,-0.1,0,False,False,-0.9700000000001223
194,Action.UP,4,1,38,1.0,0,0,-0.1,0,False,False,-1.0700000000001224
195,Action.LEFT,3,1,38,2.0,0,0,-0.05,0,False,False,-1.1200000000001225
196,Action.RIGHT,4,1,38,3.0,0,0,-0.1,0,False,False,-1.2200000000001225
197,Action.NO_OP,4,1,38,3.0,0,0,-0.1,0,False,False,-1.3200000000001226
198,Action.NO_OP,4,1,38,3.0,0,0,-0.1,0,False,False,-1.4200000000001227
199,Action.NO_OP,4,1,38,3.0,0,0,-0.1,0,False,False,-1.5200000000001228
200,Action.UP,4,1,38,1.0,0,0,-0.1,0,False,False,-1.620000000000123
201,Action.LEFT,3,1,38,2.0,0,0,-0.06,0,False,False,-1.680000000000123
202,Action.RIGHT,4,1,38,3.0,0,0,-0.1,0,False,False,-1.780000000000123
203,Action.RIGHT,5,1,38,3.0,0,0,-0.1,0,False,False,-1.8800000000001231
204,Action.UP,5,1,38,1.0,0,0,-0.1,0,False,False,-1.9800000000001232
205,Action.DOWN,5,2,38,0.0,0,0,-0.03,0,False,False,-2.0100000000001232
206,Action.UP,5,1,38,1.0,0,0,-0.1,0,False,False,-2.1100000000001233
207,Action.NO_OP,5,1,38,1.0,0,0,-0.1,0,False,False,-2.2100000000001234
208,Action.LEFT,4,1,38,2.0,0,0,-0.1,0,False,False,-2.3100000000001235
209,Action.NO_OP,4,1,38,2.0,0,0,-0.1,0,False,False,-2.4100000000001236
210,Action.RIGHT,5,1,38,3.0,0,0,-0.1,0,False,False,-2.5100000000001237
211,Action.UP,5,1,38,1.0,0,0,-0.1,0,False,False,-2.6100000000001238
212,Action.UP,5,1,38,1.0,0,0,-0.1,0,False,False,-2.710000000000124
213,Action.UP,5,1,38,1.0,0,0,-0.1,0,False,False,-2.810000000000124
214,Action.UP,5,1,38,1.0,0,0,-0.1,0,False,False,-2.910000000000124
215,Action.LEFT,4,1,38,2.0,0,0,-0.1,0,False,False,-3.010000000000124
216,Action.UP,4,1,38,1.0,0,0,-0.1,0,False,False,-3.110000000000124
217,Action.LEFT,3,1,38,2.0,0,0,-0.07,0,False,False,-3.180000000000124
218,Action.RIGHT,4,1,38,3.0,0,0,-0.1,0,False,False,-3.280000000000124
219,Action.NO_OP,4,1,38,3.0,0,0,-0.1,0,False,False,-3.3800000000001242
220,Action.NO_OP,4,1,38,3.0,0,0,-0.1,0,False,False,-3.4800000000001243
221,Action.NO_OP,4,1,38,3.0,0,0,-0.1,0,False,False,-3.5800000000001244
222,Action.NO_OP,4,1,38,3.0,0,0,-0.1,0,False,False,-3.6800000000001245
223,Action.UP,4,1,38,1.0,0,0,-0.1,0,False,False,-3.7800000000001246
224,Action.LEFT,3,1,38,2.0,0,0,-0.08,0,False,False,-3.8600000000001247
225,Action.RIGHT,4,1,38,3.0,0,0,-0.1,0,False,False,-3.9600000000001248
226,Action.RIGHT,5,1,38,3.0,0,0,-0.1,0,False,False,-4.060000000000125
227,Action.UP,5,1,38,1.0,0,0,-0.1,0,False,False,-4.1600000000001245
228,Action.UP,5,1,38,1.0,0,0,-0.1,0,False,False,-4.260000000000124
229,Action.LEFT,4,1,38,2.0,0,0,-0.1,0,False,False,-4.360000000000124
230,Action.UP,4,1,38,1.0,0,0,-0.1,0,False,False,-4.460000000000123
231,Action.LEFT,3,1,38,2.0,0,0,-0.09,0,False,False,-4.550000000000123
232,Action.RIGHT,4,1,38,3.0,0,0,-0.1,0,False,False,-4.650000000000123
233,Action.A,4,1,38,3.0,0,0,-0.1,0,False,False,-4.750000000000123
234,Action.NO_OP,4,1,38,3.0,0,0,-0.1,0,False,False,-4.850000000000122
235,Action.UP,4,1,38,1.0,0,0,-0.1,0,False,False,-4.950000000000122
236,Action.LEFT,3,1,38,2.0,0,0,-0.1,0,False,False,-5.0500000000001215
237,Action.RIGHT,4,1,38,3.0,0,0,-0.1,0,False,False,-5.150000000000121
238,Action.RIGHT,5,1,38,3.0,0,0,-0.1,0,False,False,-5.250000000000121
239,Action.LEFT,4,1,38,2.0,0,0,-0.1,0,False,False,-5.35000000000012
240,Action.UP,4,1,38,1.0,0,0,-0.1,0,False,False,-5.45000000000012
241,Action.LEFT,3,1,38,2.0,0,0,-0.1,0,False,False,-5.55000000000012
242,Action.RIGHT,4,1,38,3.0,0,0,-0.1,0,False,False,-5.650000000000119
243,Action.LEFT,3,1,38,2.0,0,0,-0.1,0,False,False,-5.750000000000119
244,Action.RIGHT,4,1,38,3.0,0,0,-0.1,0,False,False,-5.850000000000119
245,Action.LEFT,3,1,38,2.0,0,0,-0.1,0,False,False,-5.950000000000118
246,Action.RIGHT,4,1,38,3.0,0,0,-0.1,0,False,False,-6.050000000000118
247,Action.NO_OP,4,1,38,3.0,0,0,-0.1,0,False,False,-6.150000000000118
248,Action.UP,4,1,38,1.0,0,0,-0.1,0,False,False,-6.250000000000117
249,Action.NO_OP,4,1,38,1.0,0,0,-0.1,0,False,False,-6.350000000000117
250,Action.A,4,1,38,1.0,0,0,-0.1,0,False,False,-6.4500000000001165
251,Action.A,4,1,38,1.0,0,0,-0.1,0,False,False,-6.550000000000116
252,Action.A,4,1,38,1.0,0,0,-0.1,0,False,False,-6.650000000000116
253,Action.LEFT,3,1,38,2.0,0,0,-0.1,0,False,False,-6.7500000000001155
254,Action.RIGHT,4,1,38,3.0,0,0,-0.1,0,False,False,-6.850000000000115
255,Action.DOWN,4,2,38,0.0,0,0,0.0,0,False,False,-6.850000000000115
256,Action.RIGHT,5,2,38,3.0,0,0,-0.04,0,False,False,-6.890000000000115
257,Action.UP,5,1,38,1.0,0,0,-0.1,0,False,False,-6.990000000000115
258,Action.NO_OP,5,1,38,1.0,0,0,-0.1,0,False,False,-7.090000000000114
259,Action.RIGHT,6,1,38,3.0,0,0,1.0,0,False,False,-6.090000000000114
260,Action.LEFT,5,1,38,2.0,0,0,-0.1,0,False,False,-6.190000000000114
261,Action.NO_OP,5,1,38,2.0,0,0,-0.1,0,False,False,-6.290000000000114
262,Action.NO_OP,5,1,38,2.0,0,0,-0.1,0,False,False,-6.390000000000113
263,Action.NO_OP,5,1,38,2.0,0,0,-0.1,0,False,False,-6.490000000000113
264,Action.NO_OP,5,1,38,2.0,0,0,-0.1,0,False,False,-6.590000000000113
265,Action.NO_OP,5,1,38,2.0,0,0,-0.1,0,False,False,-6.690000000000112
266,Action.NO_OP,5,1,38,2.0,0,0,-0.1,0,False,False,-6.790000000000112
267,Action.UP,5,1,38,1.0,0,0,-0.1,0,False,False,-6.890000000000112
268,Action.RIGHT,6,1,38,3.0,0,0,0.0,0,False,False,-6.890000000000112
269,Action.LEFT,5,1,38,2.0,0,0,-0.1,0,False,False,-6.990000000000111
270,Action.UP,5,1,38,1.0,0,0,-0.1,0,False,False,-7.090000000000111
271,Action.UP,5,1,38,1.0,0,0,-0.1,0,False,False,-7.1900000000001105
272,Action.UP,5,1,38,1.0,0,0,-0.1,0,False,False,-7.29000000000011
273,Action.UP,5,1,38,1.0,0,0,-0.1,0,False,False,-7.39000000000011
274,Action.UP,5,1,38,1.0,0,0,-0.1,0,False,False,-7.4900000000001095
275,Action.UP,5,1,38,1.0,0,0,-0.1,0,False,False,-7.590000000000109
276,Action.LEFT,4,1,38,2.0,0,0,-0.1,0,False,False,-7.690000000000109
277,Action.UP,4,1,38,1.0,0,0,-0.1,0,False,False,-7.790000000000108
278,Action.LEFT,3,1,38,2.0,0,0,-0.1,0,False,False,-7.890000000000108
279,Action.RIGHT,4,1,38,3.0,0,0,-0.1,0,False,False,-7.990000000000108
280,Action.NO_OP,4,1,38,3.0,0,0,-0.1,0,False,False,-8.090000000000108
281,Action.NO_OP,4,1,38,3.0,0,0,-0.1,0,False,False,-8.190000000000108
282,Action.NO_OP,4,1,38,3.0,0,0,-0.1,0,False,False,-8.290000000000108
283,Action.UP,4,1,38,1.0,0,0,-0.1,0,False,False,-8.390000000000107
284,Action.LEFT,3,1,38,2.0,0,0,-0.1,0,False,False,-8.490000000000107
285,Action.UP,3,1,38,1.0,0,0,-0.1,0,False,False,-8.590000000000106
286,Action.RIGHT,4,1,38,3.0,0,0,-0.1,0,False,False,-8.690000000000106
287,Action.UP,4,1,38,1.0,0,0,-0.1,0,False,False,-8.790000000000106
288,Action.LEFT,3,1,38,2.0,0,0,-0.1,0,False,False,-8.890000000000105
289,Action.UP,3,1,38,1.0,0,0,-0.1,0,False,False,-8.990000000000105
290,Action.RIGHT,4,1,38,3.0,0,0,-0.1,0,False,False,-9.090000000000105
291,Action.NO_OP,4,1,38,3.0,0,0,-0.1,0,False,False,-9.190000000000104
292,Action.UP,4,1,38,1.0,0,0,-0.1,0,False,False,-9.290000000000104
293,Action.NO_OP,4,1,38,1.0,0,0,-0.1,0,False,False,-9.390000000000104
294,Action.NO_OP,4,1,38,1.0,0,0,-0.1,0,False,False,-9.490000000000103
295,Action.NO_OP,4,1,38,1.0,0,0,-0.1,0,False,False,-9.590000000000103
296,Action.LEFT,3,1,38,2.0,0,0,-0.1,0,False,False,-9.690000000000103
297,Action.RIGHT,4,1,38,3.0,0,0,-0.1,0,False,False,-9.790000000000102
298,Action.NO_OP,4,1,38,3.0,0,0,-0.1,0,False,False,-9.890000000000102
299,Action.LEFT,3,1,38,2.0,0,0,-0.1,0,False,False,-9.990000000000101
300,Action.UP,3,1,38,1.0,0,0,-0.1,0,False,False,-10.090000000000101
301,Action.RIGHT,4,1,38,3.0,0,0,-0.1,0,False,False,-10.1900000000001
302,Action.UP,4,1,38,1.0,0,0,-0.1,0,False,False,-10.2900000000001
303,Action.LEFT,3,1,38,2.0,0,0,-0.1,0,False,False,-10.3900000000001
304,Action.DOWN,3,2,38,0.0,0,0,0.0,0,False,False,-10.3900000000001
305,Action.UP,3,1,38,1.0,0,0,-0.1,0,False,False,-10.4900000000001
306,Action.RIGHT,4,1,38,3.0,0,0,-0.1,0,False,False,-10.5900000000001
307,Action.NO_OP,4,1,38,3.0,0,0,-0.1,0,False,False,-10.690000000000099
308,Action.NO_OP,4,1,38,3.0,0,0,-0.1,0,False,False,-10.790000000000099
309,Action.NO_OP,4,1,38,3.0,0,0,-0.1,0,False,False,-10.890000000000098
310,Action.NO_OP,4,1,38,3.0,0,0,-0.1,0,False,False,-10.990000000000098
311,Action.UP,4,1,38,1.0,0,0,-0.1,0,False,False,-11.090000000000098
312,Action.LEFT,3,1,38,2.0,0,0,-0.1,0,False,False,-11.190000000000097
313,Action.UP,3,1,38,1.0,0,0,-0.1,0,False,False,-11.290000000000097
314,Action.RIGHT,4,1,38,3.0,0,0,-0.1,0,False,False,-11.390000000000096
315,Action.UP,4,1,38,1.0,0,0,-0.1,0,False,False,-11.490000000000096
316,Action.LEFT,3,1,38,2.0,0,0,-0.1,0,False,False,-11.590000000000096
317,Action.RIGHT,4,1,38,3.0,0,0,-0.1,0,False,False,-11.690000000000095
318,Action.NO_OP,4,1,38,3.0,0,0,-0.1,0,False,False,-11.790000000000095
319,Action.NO_OP,4,1,38,3.0,0,0,-0.1,0,False,False,-11.890000000000095
320,Action.NO_OP,4,1,38,3.0,0,0,-0.1,0,False,False,-11.990000000000094
321,Action.NO_OP,4,1,38,3.0,0,0,-0.1,0,False,False,-12.090000000000094
322,Action.NO_OP,4,1,38,3.0,0,0,-0.1,0,False,False,-12.190000000000094
323,Action.NO_OP,4,1,38,3.0,0,0,-0.1,0,False,False,-12.290000000000093
324,Action.UP,4,1,38,1.0,0,0,-0.1,0,False,False,-12.390000000000093
325,Action.NO_OP,4,1,38,1.0,0,0,-0.1,0,False,False,-12.490000000000093
326,Action.UP,4,1,38,1.0,0,0,-0.1,0,False,False,-12.590000000000092
327,Action.UP,4,1,38,1.0,0,0,-0.1,0,False,False,-12.690000000000092
328,Action.RIGHT,5,1,38,3.0,0,0,-0.1,0,False,False,-12.790000000000092
329,Action.UP,5,1,38,1.0,0,0,-0.1,0,False,False,-12.890000000000091
330,Action.LEFT,4,1,38,2.0,0,0,-0.1,0,False,False,-12.99000000000009
331,Action.UP,4,1,38,1.0,0,0,-0.1,0,False,False,-13.09000000000009
332,Action.LEFT,3,1,38,2.0,0,0,-0.1,0,False,False,-13.19000000000009
333,Action.RIGHT,4,1,38,3.0,0,0,-0.1,0,False,False,-13.29000000000009
334,Action.DOWN,4,2,38,0.0,0,0,-0.03,0,False,False,-13.320000000000089
335,Action.RIGHT,5,2,38,3.0,0,0,-0.05,0,False,False,-13.37000000000009
336,Action.UP,5,1,38,1.0,0,0,-0.1,0,False,False,-13.47000000000009
337,Action.UP,5,1,38,1.0,0,0,-0.1,0,False,False,-13.570000000000089
338,Action.UP,5,1,38,1.0,0,0,-0.1,0,False,False,-13.670000000000089
339,Action.UP,5,1,38,1.0,0,0,-0.1,0,False,False,-13.770000000000088
340,Action.UP,5,1,38,1.0,0,0,-0.1,0,False,False,-13.870000000000088
341,Action.UP,5,1,38,1.0,0,0,-0.1,0,False,False,-13.970000000000088
342,Action.UP,5,1,38,1.0,0,0,-0.1,0,False,False,-14.070000000000087
343,Action.UP,5,1,38,1.0,0,0,-0.1,0,False,False,-14.170000000000087
344,Action.UP,5,1,38,1.0,0,0,-0.1,0,False,False,-14.270000000000087
345,Action.UP,5,1,38,1.0,0,0,-2.1,0,False,False,-16.370000000000086
346,Action.LEFT,4,1,38,2.0,0,0,-0.1,0,False,False,-16.470000000000088
347,Action.UP,4,1,38,1.0,0,0,-0.1,0,False,False,-16.57000000000009
348,Action.LEFT,3,1,38,2.0,0,0,-0.1,0,False,False,-16.67000000000009
349,Action.UP,3,1,38,1.0,0,0,-0.1,0,False,False,-16.770000000000092
350,Action.A,3,1,38,1.0,0,0,-0.1,0,False,False,-16.870000000000093
351,Action.A,3,1,38,1.0,0,0,-0.1,0,False,False,-16.970000000000095
352,Action.A,3,1,38,1.0,0,0,-0.1,0,False,False,-17.070000000000096
353,Action.A,3,1,38,1.0,0,0,-0.1,0,False,False,-17.170000000000098
354,Action.A,3,1,38,1.0,0,0,-0.1,0,False,False,-17.2700000000001
355,Action.A,3,1,38,1.0,0,0,-0.1,0,False,False,-17.3700000000001
356,Action.RIGHT,4,1,38,3.0,0,0,-0.1,0,False,False,-17.470000000000102
357,Action.NO_OP,4,1,38,3.0,0,0,-0.1,0,False,False,-17.570000000000103
358,Action.UP,4,1,38,1.0,0,0,-0.1,0,False,False,-17.670000000000105
359,Action.NO_OP,4,1,38,1.0,0,0,-0.1,0,False,False,-17.770000000000106
360,Action.NO_OP,4,1,38,1.0,0,0,-0.1,0,False,False,-17.870000000000108
361,Action.NO_OP,4,1,38,1.0,0,0,-0.1,0,False,False,-17.97000000000011
362,Action.NO_OP,4,1,38,1.0,0,0,-0.1,0,False,False,-18.07000000000011
363,Action.NO_OP,4,1,38,1.0,0,0,-0.1,0,False,False,-18.170000000000112
364,Action.NO_OP,4,1,38,1.0,0,0,-0.1,0,False,False,-18.270000000000113
365,Action.NO_OP,4,1,38,1.0,0,0,-0.1,0,False,False,-18.370000000000115
366,Action.NO_OP,4,1,38,1.0,0,0,-0.1,0,False,False,-18.470000000000116
367,Action.NO_OP,4,1,38,1.0,0,0,-0.1,0,False,False,-18.570000000000118
368,Action.NO_OP,4,1,38,1.0,0,0,-2.1,0,False,False,-20.67000000000012
369,Action.NO_OP,4,1,38,1.0,0,0,-2.1,0,False,False,-22.77000000000012
370,Action.UP,4,1,38,1.0,0,0,-0.1,0,False,False,-22.870000000000122
371,Action.UP,4,1,38,1.0,0,0,-0.1,0,False,False,-22.970000000000123
372,Action.DOWN,4,2,38,0.0,0,0,-0.04,0,False,False,-23.010000000000122
373,Action.RIGHT,5,2,38,3.0,0,0,-0.06,0,False,False,-23.07000000000012
374,Action.UP,5,1,38,1.0,0,0,-0.1,0,False,False,-23.170000000000122
375,Action.B,5,1,38,1.0,0,0,-0.1,0,False,False,-23.270000000000124
376,Action.B,5,1,38,1.0,0,0,-0.1,0,False,False,-23.370000000000125
377,Action.LEFT,4,1,38,2.0,0,0,-0.1,0,False,False,-23.470000000000127
378,Action.UP,4,1,38,1.0,0,0,-0.1,0,False,False,-23.570000000000128
379,Action.UP,4,1,38,1.0,0,0,-0.1,0,False,False,-23.67000000000013
380,Action.NO_OP,4,1,38,1.0,0,0,-0.1,0,False,False,-23.77000000000013
381,Action.NO_OP,4,1,38,1.0,0,0,-0.1,0,False,False,-23.870000000000132
382,Action.NO_OP,4,1,38,1.0,0,0,-0.1,0,False,False,-23.970000000000134
383,Action.NO_OP,4,1,38,1.0,0,0,-0.1,0,False,False,-24.070000000000135
384,Action.B,4,1,38,1.0,0,0,-0.1,0,False,False,-24.170000000000137
385,Action.B,4,1,38,1.0,0,0,-0.1,0,False,False,-24.270000000000138
386,Action.B,4,1,38,1.0,0,0,-0.1,0,False,False,-24.37000000000014
387,Action.B,4,1,38,1.0,0,0,-0.1,0,False,False,-24.47000000000014
388,Action.B,4,1,38,1.0,0,0,-0.1,0,False,False,-24.570000000000142
389,Action.B,4,1,38,1.0,0,0,-0.1,0,False,False,-24.670000000000144
390,Action.B,4,1,38,1.0,0,0,-0.1,0,False,False,-24.770000000000145
391,Action.NO_OP,4,1,38,1.0,0,0,-0.1,0,False,False,-24.870000000000147
392,Action.NO_OP,4,1,38,1.0,0,0,-0.1,0,False,False,-24.970000000000148
393,Action.NO_OP,4,1,38,1.0,0,0,-0.1,0,False,False,-25.07000000000015
394,Action.NO_OP,4,1,38,1.0,0,0,-0.1,0,False,False,-25.17000000000015
395,Action.NO_OP,4,1,38,1.0,0,0,-0.1,0,False,False,-25.270000000000152
396,Action.NO_OP,4,1,38,1.0,0,0,-0.1,0,False,False,-25.370000000000154
397,Action.NO_OP,4,1,38,1.0,0,0,-0.1,0,False,False,-25.470000000000155
398,Action.A,4,1,38,1.0,0,0,-0.1,0,False,False,-25.570000000000157
399,Action.A,4,1,38,1.0,0,0,-0.1,0,False,False,-25.670000000000158
400,Action.A,4,1,38,1.0,0,0,-0.1,0,False,False,-25.77000000000016
401,Action.A,4,1,38,1.0,0,0,-0.1,0,False,False,-25.87000000000016
402,Action.A,4,1,38,1.0,0,0,-0.1,0,False,False,-25.970000000000162
403,Action.A,4,1,38,1.0,0,0,-0.1,0,False,False,-26.070000000000164
404,Action.A,4,1,38,1.0,0,0,-0.1,0,False,False,-26.170000000000165
405,Action.B,4,1,38,1.0,0,0,-0.1,0,False,False,-26.270000000000167
406,Action.B,4,1,38,1.0,0,0,-0.1,0,False,False,-26.370000000000168
407,Action.B,4,1,38,1.0,0,0,-0.1,0,False,False,-26.47000000000017
408,Action.B,4,1,38,1.0,0,0,-0.1,0,False,False,-26.57000000000017
409,Action.B,4,1,38,1.0,0,0,-0.1,0,False,False,-26.670000000000172
410,Action.B,4,1,38,1.0,0,0,-0.1,0,False,False,-26.770000000000174
411,Action.B,4,1,38,1.0,0,0,-0.1,0,False,False,-26.870000000000175
412,Action.B,4,1,38,1.0,0,0,-0.1,0,False,False,-26.970000000000176
413,Action.B,4,1,38,1.0,0,0,-0.1,0,False,False,-27.070000000000178
414,Action.NO_OP,4,1,38,1.0,0,0,-0.1,0,False,False,-27.17000000000018
415,Action.NO_OP,4,1,38,1.0,0,0,-0.1,0,False,False,-27.27000000000018
416,Action.NO_OP,4,1,38,1.0,0,0,-0.1,0,False,False,-27.370000000000182
417,Action.RIGHT,5,1,38,3.0,0,0,-0.1,0,False,False,-27.470000000000184
418,Action.UP,5,1,38,1.0,0,0,-0.1,0,False,False,-27.570000000000185
419,Action.UP,5,1,38,1.0,0,0,-0.1,0,False,False,-27.670000000000186
420,Action.UP,5,1,38,1.0,0,0,-0.1,0,False,False,-27.770000000000188
421,Action.UP,5,1,38,1.0,0,0,-0.1,0,False,False,-27.87000000000019
422,Action.UP,5,1,38,1.0,0,0,-0.1,0,False,False,-27.97000000000019
423,Action.LEFT,4,1,38,2.0,0,0,-0.1,0,False,False,-28.070000000000192
424,Action.UP,4,1,38,1.0,0,0,-0.1,0,False,False,-28.170000000000194
425,Action.LEFT,3,1,38,2.0,0,0,-0.1,0,False,False,-28.270000000000195
426,Action.A,3,1,38,2.0,0,0,-0.1,0,False,False,-28.370000000000196
427,Action.A,3,1,38,2.0,0,0,-0.1,0,False,False,-28.470000000000198
428,Action.A,3,1,38,2.0,0,0,-0.1,0,False,False,-28.5700000000002
429,Action.A,3,1,38,2.0,0,0,-0.1,0,False,False,-28.6700000000002
430,Action.A,3,1,38,2.0,0,0,-0.1,0,False,False,-28.770000000000202
431,Action.A,3,1,38,2.0,0,0,-0.1,0,False,False,-28.870000000000203
432,Action.DOWN,3,2,38,0.0,0,0,1.0,0,False,False,-27.870000000000203
433,Action.RIGHT,4,2,38,3.0,0,0,-0.05,0,False,False,-27.920000000000204
434,Action.RIGHT,5,2,38,3.0,0,0,-0.07,0,False,False,-27.990000000000204
435,Action.UP,5,1,38,1.0,0,0,-0.1,0,False,False,-28.090000000000206
436,Action.A,5,1,38,1.0,0,0,-0.1,0,False,False,-28.190000000000207
437,Action.B,5,1,38,1.0,0,0,-0.1,0,False,False,-28.29000000000021
438,Action.RIGHT,6,1,38,3.0,0,0,-0.03,0,False,False,-28.32000000000021
439,Action.LEFT,5,1,38,2.0,0,0,-0.1,0,False,False,-28.42000000000021
440,Action.LEFT,4,1,38,2.0,0,0,-0.1,0,False,False,-28.520000000000213
441,Action.UP,4,1,38,1.0,0,0,-0.1,0,False,False,-28.620000000000214
442,Action.NO_OP,4,1,38,1.0,0,0,-0.1,0,False,False,-28.720000000000216
443,Action.NO_OP,4,1,38,1.0,0,0,-0.1,0,False,False,-28.820000000000217
444,Action.UP,4,1,38,1.0,0,0,-0.1,0,False,False,-28.92000000000022
445,Action.UP,4,1,38,1.0,0,0,-0.1,0,False,False,-29.02000000000022
446,Action.UP,4,1,38,1.0,0,0,-0.1,0,False,False,-29.12000000000022
447,Action.UP,4,1,38,1.0,0,0,-0.1,0,False,False,-29.220000000000223
448,Action.UP,4,1,38,1.0,0,0,-0.1,0,False,False,-29.320000000000224
449,Action.NO_OP,4,1,38,1.0,0,0,-0.1,0,False,False,-29.420000000000226
450,Action.NO_OP,4,1,38,1.0,0,0,-0.1,0,False,False,-29.520000000000227
451,Action.NO_OP,4,1,38,1.0,0,0,-0.1,0,False,False,-29.62000000000023
452,Action.UP,4,1,38,1.0,0,0,-0.1,0,False,False,-29.72000000000023
453,Action.UP,4,1,38,1.0,0,0,-0.1,0,False,False,-29.82000000000023
454,Action.UP,4,1,38,1.0,0,0,-0.1,0,False,False,-29.920000000000233
455,Action.UP,4,1,38,1.0,0,0,-0.1,0,False,False,-30.020000000000234
456,Action.A,4,1,38,1.0,0,0,-0.1,0,False,False,-30.120000000000235
457,Action.UP,4,1,38,1.0,0,0,-0.1,0,False,False,-30.220000000000237
458,Action.UP,4,1,38,1.0,0,0,-0.1,0,False,False,-30.32000000000024
459,Action.UP,4,1,38,1.0,0,0,-0.1,0,False,False,-30.42000000000024
460,Action.UP,4,1,38,1.0,0,0,-0.1,0,False,False,-30.52000000000024
461,Action.UP,4,1,38,1.0,0,0,-0.1,0,False,False,-30.620000000000243
462,Action.UP,4,1,38,1.0,0,0,-0.1,0,False,False,-30.720000000000244
463,Action.UP,4,1,38,1.0,0,0,-0.1,0,False,False,-30.820000000000245
464,Action.UP,4,1,38,1.0,0,0,-0.1,0,False,False,-30.920000000000247
465,Action.UP,4,1,38,1.0,0,0,-0.1,0,False,False,-31.02000000000025
466,Action.UP,4,1,38,1.0,0,0,-2.1,0,False,False,-33.120000000000246
467,Action.UP,4,1,38,1.0,0,0,-2.1,0,False,False,-35.22000000000025
468,Action.UP,4,1,38,1.0,0,0,-2.1,0,False,False,-37.32000000000025
469,Action.A,4,1,38,1.0,0,0,-0.1,0,False,False,-37.42000000000025
470,Action.NO_OP,4,1,38,1.0,0,0,-0.1,0,False,False,-37.52000000000025
471,Action.NO_OP,4,1,38,1.0,0,0,-0.1,0,False,False,-37.62000000000025
472,Action.NO_OP,4,1,38,1.0,0,0,-0.1,0,False,False,-37.720000000000255
473,Action.NO_OP,4,1,38,1.0,0,0,-0.1,0,False,False,-37.820000000000256
474,Action.NO_OP,4,1,38,1.0,0,0,-0.1,0,False,False,-37.92000000000026
475,Action.A,4,1,38,1.0,0,0,-0.1,0,False,False,-38.02000000000026
476,Action.A,4,1,38,1.0,0,0,-0.1,0,False,False,-38.12000000000026
477,Action.A,4,1,38,1.0,0,0,-0.1,0,False,False,-38.22000000000026
478,Action.UP,4,1,38,1.0,0,0,-0.1,0,False,False,-38.32000000000026
479,Action.UP,4,1,38,1.0,0,0,-0.1,0,False,False,-38.420000000000265
480,Action.UP,4,1,38,1.0,0,0,-0.1,0,False,False,-38.520000000000266
481,Action.UP,4,1,38,1.0,0,0,-0.1,0,False,False,-38.62000000000027
482,Action.UP,4,1,38,1.0,0,0,-0.1,0,False,False,-38.72000000000027
483,Action.NO_OP,4,1,38,1.0,0,0,-0.1,0,False,False,-38.82000000000027
484,Action.NO_OP,4,1,38,1.0,0,0,-0.1,0,False,False,-38.92000000000027
485,Action.NO_OP,4,1,38,1.0,0,0,-0.1,0,False,False,-39.02000000000027
486,Action.NO_OP,4,1,38,1.0,0,0,-0.1,0,False,False,-39.120000000000275
487,Action.LEFT,3,1,38,2.0,0,0,-0.1,0,False,False,-39.220000000000276
488,Action.A,3,1,38,2.0,0,0,-0.1,0,False,False,-39.32000000000028
489,Action.A,3,1,38,2.0,0,0,-0.1,0,False,False,-39.42000000000028
490,Action.A,3,1,38,2.0,0,0,-0.1,0,False,False,-39.52000000000028
491,Action.A,3,1,38,2.0,0,0,-0.1,0,False,False,-39.62000000000028
492,Action.A,3,1,38,2.0,0,0,-0.1,0,False,False,-39.72000000000028
493,Action.A,3,1,38,2.0,0,0,-0.1,0,False,False,-39.820000000000285
494,Action.A,3,1,38,2.0,0,0,-0.1,0,False,False,-39.920000000000286
495,Action.A,3,1,38,2.0,0,0,-0.1,0,False,False,-40.02000000000029
496,Action.A,3,1,38,2.0,0,0,-0.1,0,False,False,-40.12000000000029
497,Action.UP,3,1,38,1.0,0,0,-0.1,0,False,False,-40.22000000000029
498,Action.A,3,1,38,1.0,0,0,-0.1,0,False,False,-40.32000000000029
499,Action.UP,3,1,38,1.0,0,0,-0.1,0,False,False,-40.42000000000029
500,Action.UP,3,1,38,1.0,0,0,-0.1,0,False,False,-40.520000000000294
501,Action.UP,3,1,38,1.0,0,0,-0.1,0,False,False,-40.620000000000296
502,Action.A,3,1,38,1.0,0,0,-0.1,0,False,False,-40.7200000000003
503,Action.A,3,1,38,1.0,0,0,-0.1,0,False,False,-40.8200000000003
504,Action.A,3,1,38,1.0,0,0,-0.1,0,False,False,-40.9200000000003
505,Action.A,3,1,38,1.0,0,0,-0.1,0,False,False,-41.0200000000003
506,Action.A,3,1,38,1.0,0,0,-0.1,0,False,False,-41.1200000000003
507,Action.A,3,1,38,1.0,0,0,-0.1,0,False,False,-41.220000000000304
508,Action.A,3,1,38,1.0,0,0,-0.1,0,False,False,-41.320000000000306
509,Action.A,3,1,38,1.0,0,0,-0.1,0,False,False,-41.42000000000031
510,Action.A,3,1,38,1.0,0,0,-0.1,0,False,False,-41.52000000000031
511,Action.A,3,1,38,1.0,0,0,-2.1,0,False,False,-43.62000000000031
512,Action.A,3,1,38,1.0,0,0,-2.1,0,False,False,-45.72000000000031
513,Action.A,3,1,38,1.0,0,0,-2.1,0,False,False,-47.82000000000031
514,Action.A,3,1,38,1.0,0,0,-2.1,0,False,False,-49.920000000000314
515,Action.A,3,1,38,1.0,0,0,-2.1,0,False,False,-52.020000000000316
516,Action.DOWN,3,2,38,0.0,0,0,0.0,0,False,False,-52.020000000000316
517,Action.LEFT,2,2,38,2.0,0,0,0.0,0,False,False,-52.020000000000316
518,Action.DOWN,2,3,38,0.0,0,0,0.0,0,False,False,-52.020000000000316
519,Action.DOWN,2,4,38,0.0,0,0,0.0,0,False,False,-52.020000000000316
520,Action.LEFT,1,4,38,2.0,0,0,0.0,0,False,False,-52.020000000000316
521,Action.RIGHT,2,4,38,3.0,0,0,1.0,0,False,False,-51.020000000000316
522,Action.DOWN,2,5,38,0.0,0,0,0.0,0,False,False,-51.020000000000316
523,Action.DOWN,2,6,38,0.0,0,0,0.0,0,False,False,-51.020000000000316
524,Action.NO_OP,2,6,38,0.0,0,0,1.0,0,False,False,-50.020000000000316
525,Action.NO_OP,2,6,38,0.0,0,0,0.0,0,False,False,-50.020000000000316
526,Action.RIGHT,3,6,38,3.0,0,0,0.0,0,False,False,-50.020000000000316
527,Action.B,3,6,38,3.0,0,0,1.0,0,False,False,-49.020000000000316
528,Action.B,3,6,38,3.0,0,0,0.0,0,False,False,-49.020000000000316
529,Action.B,3,6,38,3.0,0,0,-0.03,0,False,False,-49.05000000000032
530,Action.UP,3,6,38,1.0,0,0,-0.04,0,False,False,-49.090000000000316
531,Action.UP,3,6,38,1.0,0,0,-0.05,0,False,False,-49.14000000000031
532,Action.UP,3,6,38,1.0,0,0,-0.06,0,False,False,-49.200000000000315
533,Action.UP,3,6,38,1.0,0,0,-0.07,0,False,False,-49.270000000000316
534,Action.UP,3,6,38,1.0,0,0,-0.08,0,False,False,-49.350000000000314
535,Action.UP,3,6,38,1.0,0,0,-0.09,0,False,False,-49.44000000000032
536,Action.UP,3,6,38,1.0,0,0,-0.1,0,False,False,-49.54000000000032
537,Action.UP,3,6,38,1.0,0,0,-0.1,0,False,False,-49.64000000000032
538,Action.UP,3,6,38,1.0,0,0,-0.1,0,False,False,-49.74000000000032
539,Action.B,3,6,38,1.0,0,0,-0.1,0,False,False,-49.84000000000032
540,Action.B,3,6,38,1.0,0,0,-0.1,0,False,False,-49.940000000000325
541,Action.B,3,6,38,1.0,0,0,-0.1,0,False,False,-50.040000000000326
542,Action.B,3,6,38,1.0,0,0,-0.1,0,False,False,-50.14000000000033
543,Action.NO_OP,3,6,38,1.0,0,0,-0.1,0,False,False,-50.24000000000033
544,Action.RIGHT,4,6,38,3.0,0,0,1.0,0,False,False,-49.24000000000033
545,Action.RIGHT,5,6,38,3.0,0,0,1.0,0,False,False,-48.24000000000033
546,Action.UP,5,5,38,1.0,0,0,-0.1,0,False,False,-48.34000000000033
547,Action.UP,5,4,38,1.0,0,0,-0.1,0,False,False,-48.44000000000033
548,Action.B,5,4,38,1.0,0,0,-0.1,0,False,False,-48.54000000000033
549,Action.RIGHT,6,4,38,3.0,0,0,0.0,0,False,False,-48.54000000000033
550,Action.LEFT,5,4,38,2.0,0,0,-0.1,0,False,False,-48.640000000000335
551,Action.DOWN,5,5,38,0.0,0,0,-0.1,0,False,False,-48.740000000000336
552,Action.DOWN,5,6,38,0.0,0,0,0.0,0,False,False,-48.740000000000336
553,Action.UP,5,5,38,1.0,0,0,-0.1,0,False,False,-48.84000000000034
554,Action.UP,5,4,38,1.0,0,0,-0.1,0,False,False,-48.94000000000034
555,Action.B,5,4,38,1.0,0,0,-0.1,0,False,False,-49.04000000000034
556,Action.DOWN,5,5,38,0.0,0,0,-0.1,0,False,False,-49.14000000000034
557,Action.DOWN,5,6,38,0.0,0,0,-0.03,0,False,False,-49.17000000000034
558,Action.UP,5,5,38,1.0,0,0,-0.1,0,False,False,-49.270000000000344
559,Action.UP,5,4,38,1.0,0,0,-0.1,0,False,False,-49.370000000000346
560,Action.B,5,4,38,1.0,0,0,-0.1,0,False,False,-49.47000000000035
561,Action.DOWN,5,5,38,0.0,0,0,-0.1,0,False,False,-49.57000000000035
562,Action.LEFT,4,5,38,2.0,0,0,-0.1,0,False,False,-49.67000000000035
563,Action.LEFT,4,5,38,2.0,0,0,-0.1,0,False,False,-49.77000000000035
564,Action.DOWN,4,6,38,0.0,0,0,0.0,0,False,False,-49.77000000000035
565,Action.RIGHT,5,6,38,3.0,0,0,-0.04,0,False,False,-49.81000000000035
566,Action.UP,5,5,38,1.0,0,0,-0.1,0,False,False,-49.91000000000035
567,Action.UP,5,4,38,1.0,0,0,-0.1,0,False,False,-50.01000000000035
568,Action.B,5,4,38,1.0,0,0,-0.1,0,False,False,-50.110000000000355
569,Action.B,5,4,38,1.0,0,0,-0.1,0,False,False,-50.210000000000356
570,Action.DOWN,5,5,38,0.0,0,0,-0.1,0,False,False,-50.31000000000036
571,Action.DOWN,5,6,38,0.0,0,0,-0.05,0,False,False,-50.360000000000355
572,Action.NO_OP,5,6,38,0.0,0,0,-0.06,0,False,False,-50.42000000000036
573,Action.UP,5,5,38,1.0,0,0,-0.1,0,False,False,-50.52000000000036
574,Action.A,5,5,38,1.0,0,0,-0.1,0,False,False,-50.62000000000036
575,Action.UP,5,4,38,1.0,0,0,-0.1,0,False,False,-50.72000000000036
576,Action.B,5,4,38,1.0,0,0,-0.1,0,False,False,-50.82000000000036
577,Action.DOWN,5,5,38,0.0,0,0,-0.1,0,False,False,-50.920000000000364
578,Action.RIGHT,6,5,38,3.0,0,0,0.0,0,False,False,-50.920000000000364
579,Action.RIGHT,7,5,38,3.0,0,0,0.0,0,False,False,-50.920000000000364
580,Action.RIGHT,7,5,38,3.0,0,0,1.0,0,False,False,-49.920000000000364
581,Action.RIGHT,7,5,38,3.0,0,0,0.0,0,False,False,-49.920000000000364
582,Action.RIGHT,7,5,38,3.0,0,0,-0.03,0,False,False,-49.950000000000365
583,Action.NO_OP,7,5,38,3.0,0,0,-0.04,0,False,False,-49.990000000000364
584,Action.NO_OP,7,5,38,3.0,0,0,-0.05,0,False,False,-50.04000000000036
585,Action.NO_OP,7,5,38,3.0,0,0,-0.06,0,False,False,-50.100000000000364
586,Action.A,7,5,38,3.0,0,0,-0.07,0,False,False,-50.170000000000364
587,Action.A,7,5,38,3.0,0,0,-0.08,0,False,False,-50.25000000000036
588,Action.A,7,5,38,3.0,0,0,-0.09,0,False,False,-50.340000000000366
589,Action.A,7,5,38,3.0,0,0,-0.1,0,False,False,-50.44000000000037
590,Action.A,7,5,38,3.0,0,0,-0.1,0,False,False,-50.54000000000037
591,Action.A,7,5,38,3.0,0,0,-0.1,0,False,False,-50.64000000000037
592,Action.RIGHT,7,5,38,3.0,0,0,-0.1,0,False,False,-50.74000000000037
593,Action.RIGHT,7,5,38,3.0,0,0,-0.1,0,False,False,-50.84000000000037
594,Action.RIGHT,7,5,38,3.0,0,0,-0.1,0,False,False,-50.940000000000374
595,Action.RIGHT,7,5,38,3.0,0,0,-0.1,0,False,False,-51.040000000000376
596,Action.RIGHT,7,5,38,3.0,0,0,-0.1,0,False,False,-51.14000000000038
597,Action.RIGHT,7,5,38,3.0,0,0,-0.1,0,False,False,-51.24000000000038
598,Action.A,7,5,38,3.0,0,0,-0.1,0,False,False,-51.34000000000038
599,Action.A,7,5,38,3.0,0,0,-0.1,0,False,False,-51.44000000000038
600,Action.A,7,5,38,3.0,0,0,-0.1,0,False,False,-51.54000000000038
601,Action.RIGHT,7,5,38,3.0,0,0,-0.1,0,False,False,-51.640000000000384
602,Action.RIGHT,7,5,38,3.0,0,0,-0.1,0,False,False,-51.740000000000386
603,Action.RIGHT,7,5,38,3.0,0,0,-0.1,0,False,False,-51.84000000000039
604,Action.RIGHT,7,5,38,3.0,0,0,-0.1,0,False,False,-51.94000000000039
605,Action.B,7,5,38,3.0,0,0,-0.1,0,False,False,-52.04000000000039
606,Action.B,7,5,38,3.0,0,0,-0.1,0,False,False,-52.14000000000039
607,Action.B,7,5,38,3.0,0,0,-0.1,0,False,False,-52.24000000000039
608,Action.B,7,5,38,3.0,0,0,-0.1,0,False,False,-52.340000000000394
609,Action.RIGHT,7,5,38,3.0,0,0,-0.1,0,False,False,-52.440000000000396
610,Action.RIGHT,7,5,38,3.0,0,0,-0.1,0,False,False,-52.5400000000004
611,Action.RIGHT,7,5,38,3.0,0,0,-0.1,0,False,False,-52.6400000000004
612,Action.RIGHT,7,5,38,3.0,0,0,-0.1,0,False,False,-52.7400000000004
613,Action.RIGHT,7,5,38,3.0,0,0,-0.1,0,False,False,-52.8400000000004
614,Action.RIGHT,7,5,38,3.0,0,0,-0.1,0,False,False,-52.9400000000004
615,Action.RIGHT,7,5,38,3.0,0,0,-0.1,0,False,False,-53.040000000000404
616,Action.RIGHT,7,5,38,3.0,0,0,-0.1,0,False,False,-53.140000000000406
617,Action.RIGHT,7,5,38,3.0,0,0,-0.1,0,False,False,-53.24000000000041
618,Action.RIGHT,7,5,38,3.0,0,0,-2.1,0,False,False,-55.34000000000041
619,Action.RIGHT,7,5,38,3.0,0,0,-2.1,0,False,False,-57.44000000000041
620,Action.RIGHT,7,5,38,3.0,0,0,-2.1,0,False,False,-59.54000000000041
621,Action.RIGHT,7,5,38,3.0,0,0,-2.1,0,False,False,-61.64000000000041
622,Action.RIGHT,7,5,38,3.0,0,0,-2.1,0,False,False,-63.740000000000414
623,Action.RIGHT,7,5,38,3.0,0,0,-2.1,0,False,False,-65.84000000000042
624,Action.RIGHT,7,5,38,3.0,0,0,-2.1,0,False,False,-67.94000000000041
625,Action.RIGHT,7,5,38,3.0,0,0,-2.1,0,False,False,-70.0400000000004
626,Action.RIGHT,7,5,38,3.0,0,0,-2.1,0,False,False,-72.1400000000004
627,Action.A,7,5,38,3.0,0,0,-0.1,0,False,False,-72.24000000000039
628,Action.A,7,5,38,3.0,0,0,-0.1,0,False,False,-72.34000000000039
629,Action.A,7,5,38,3.0,0,0,-0.1,0,False,False,-72.44000000000038
630,Action.A,7,5,38,3.0,0,0,-0.1,0,False,False,-72.54000000000038
631,Action.A,7,5,38,3.0,0,0,-0.1,0,False,False,-72.64000000000037
632,Action.A,7,5,38,3.0,0,0,-0.1,0,False,False,-72.74000000000036
633,Action.B,7,5,38,3.0,0,0,-0.1,0,False,False,-72.84000000000036
634,Action.RIGHT,7,5,38,3.0,0,0,-0.1,0,False,False,-72.94000000000035
635,Action.RIGHT,7,5,38,3.0,0,0,-0.1,0,False,False,-73.04000000000035
636,Action.RIGHT,7,5,38,3.0,0,0,-0.1,0,False,False,-73.14000000000034
637,Action.RIGHT,7,5,38,3.0,0,0,-0.1,0,False,False,-73.24000000000034
638,Action.RIGHT,7,5,38,3.0,0,0,-0.1,0,False,False,-73.34000000000033
639,Action.A,7,5,38,3.0,0,0,-0.1,0,False,False,-73.44000000000032
640,Action.A,7,5,38,3.0,0,0,-0.1,0,False,False,-73.54000000000032
641,Action.A,7,5,38,3.0,0,0,-0.1,0,False,False,-73.64000000000031
642,Action.A,7,5,38,3.0,0,0,-0.1,0,False,False,-73.74000000000031
643,Action.A,7,5,38,3.0,0,0,-0.1,0,False,False,-73.8400000000003
644,Action.A,7,5,38,3.0,0,0,-0.1,0,False,False,-73.9400000000003
645,Action.A,7,5,38,3.0,0,0,-0.1,0,False,False,-74.04000000000029
646,Action.A,7,5,38,3.0,0,0,-0.1,0,False,False,-74.14000000000028
647,Action.A,7,5,38,3.0,0,0,-0.1,0,False,False,-74.24000000000028
648,Action.A,7,5,38,3.0,0,0,-2.1,0,False,False,-76.34000000000027
649,Action.A,7,5,38,3.0,0,0,-2.1,0,False,False,-78.44000000000027
650,Action.A,7,5,38,3.0,0,0,-2.1,0,False,False,-80.54000000000026
651,Action.A,7,5,38,3.0,0,0,-2.1,0,False,False,-82.64000000000026
652,Action.A,7,5,38,3.0,0,0,-2.1,0,False,False,-84.74000000000025
653,Action.A,7,5,38,3.0,0,0,-2.1,0,False,False,-86.84000000000024
654,Action.A,7,5,38,3.0,0,0,-2.1,0,False,False,-88.94000000000024
655,Action.A,7,5,38,3.0,0,0,-2.1,0,False,False,-91.04000000000023
656,Action.A,7,5,38,3.0,0,0,-2.1,0,False,False,-93.14000000000023
657,Action.A,7,5,38,3.0,0,0,-2.1,0,False,False,-95.24000000000022
658,Action.A,7,5,38,3.0,0,0,-2.1,0,False,False,-97.34000000000022
659,Action.A,7,5,38,3.0,0,0,-2.1,0,False,False,-99.44000000000021
660,Action.RIGHT,7,5,38,3.0,0,0,-0.1,0,False,False,-99.5400000000002
661,Action.RIGHT,7,5,38,3.0,0,0,-0.1,0,False,False,-99.6400000000002
662,Action.A,7,5,38,3.0,0,0,-0.1,0,False,False,-99.7400000000002
663,Action.A,7,5,38,3.0,0,0,-0.1,0,False,False,-99.84000000000019
664,Action.A,7,5,38,3.0,0,0,-0.1,0,False,False,-99.94000000000018
665,Action.A,7,5,38,3.0,0,0,-0.1,0,False,False,-100.04000000000018
666,Action.A,7,5,38,3.0,0,0,-0.1,0,False,False,-100.14000000000017
667,Action.A,7,5,38,3.0,0,0,-0.1,0,False,False,-100.24000000000017
668,Action.A,7,5,38,3.0,0,0,-0.1,0,False,False,-100.34000000000016
669,Action.A,7,5,38,3.0,0,0,-0.1,0,False,False,-100.44000000000015
670,Action.UP,7,4,38,1.0,0,0,0.0,0,False,False,-100.44000000000015
671,Action.UP,7,3,38,1.0,0,0,0.0,0,False,False,-100.44000000000015
672,Action.UP,7,2,38,1.0,0,0,0.0,0,False,False,-100.44000000000015
673,Action.UP,7,1,37,1.0,0,0,60.0,0,False,False,-40.440000000000154
674,Action.RIGHT,7,1,37,1.0,0,0,1.0,0,False,False,-39.440000000000154
675,Action.RIGHT,7,1,37,1.0,0,0,0.0,0,False,False,-39.440000000000154
676,Action.LEFT,7,1,37,2.0,0,0,-0.03,0,False,False,-39.470000000000155
677,Action.LEFT,5,1,37,2.0,0,0,0.0,0,False,False,-39.470000000000155
678,Action.LEFT,4,1,37,2.0,0,0,0.0,0,False,False,-39.470000000000155
679,Action.LEFT,4,1,37,2.0,0,0,1.0,0,False,False,-38.470000000000155
680,Action.LEFT,4,1,37,2.0,0,0,0.0,0,False,False,-38.470000000000155
681,Action.LEFT,4,1,37,2.0,0,0,-0.03,0,False,False,-38.500000000000156
682,Action.LEFT,4,1,37,2.0,0,0,-0.04,0,False,False,-38.540000000000155
683,Action.LEFT,4,1,37,2.0,0,0,-0.05,0,False,False,-38.59000000000015
684,Action.LEFT,4,1,37,2.0,0,0,-0.06,0,False,False,-38.650000000000155
685,Action.LEFT,4,1,37,2.0,0,0,-2.07,0,False,False,-40.720000000000155
686,Action.LEFT,4,1,37,2.0,0,0,-2.08,0,False,False,-42.80000000000015
687,Action.LEFT,4,1,37,2.0,0,0,-2.09,0,False,False,-44.89000000000016
688,Action.LEFT,4,1,37,2.0,0,0,-2.1,0,False,False,-46.99000000000016
689,Action.LEFT,4,1,37,2.0,0,0,-2.1,0,False,False,-49.09000000000016
690,Action.LEFT,4,1,37,2.0,0,0,-2.1,0,False,False,-51.19000000000016
691,Action.LEFT,4,1,37,2.0,0,0,-2.1,0,False,False,-53.29000000000016
692,Action.RIGHT,5,1,37,3.0,0,0,1.0,0,False,False,-52.29000000000016
693,Action.LEFT,4,1,37,2.0,0,0,-0.1,0,False,False,-52.390000000000164
694,Action.LEFT,4,1,37,2.0,0,0,-0.1,0,False,False,-52.490000000000165
695,Action.LEFT,4,1,37,2.0,0,0,-0.1,0,False,False,-52.59000000000017
696,Action.LEFT,4,1,37,2.0,0,0,-0.1,0,False,False,-52.69000000000017
697,Action.LEFT,4,1,37,2.0,0,0,-0.1,0,False,False,-52.79000000000017
698,Action.LEFT,4,1,37,2.0,0,0,-0.1,0,False,False,-52.89000000000017
699,Action.LEFT,4,1,37,2.0,0,0,-0.1,0,False,False,-52.99000000000017
700,Action.LEFT,4,1,37,2.0,0,0,-0.1,0,False,False,-53.090000000000174
701,Action.LEFT,4,1,37,2.0,0,0,-0.1,0,False,False,-53.190000000000175
702,Action.LEFT,4,1,37,2.0,0,0,-2.1,0,False,False,-55.29000000000018
703,Action.LEFT,4,1,37,2.0,0,0,-2.1,0,False,False,-57.39000000000018
704,Action.UP,4,1,37,1.0,0,0,-0.1,0,False,False,-57.49000000000018
705,Action.LEFT,4,1,37,2.0,0,0,-0.1,0,False,False,-57.59000000000018
706,Action.LEFT,4,1,37,2.0,0,0,-0.1,0,False,False,-57.69000000000018
707,Action.LEFT,4,1,37,2.0,0,0,-0.1,0,False,False,-57.790000000000184
708,Action.LEFT,4,1,37,2.0,0,0,-0.1,0,False,False,-57.890000000000185
709,Action.LEFT,4,1,37,2.0,0,0,-0.1,0,False,False,-57.99000000000019
710,Action.LEFT,4,1,37,2.0,0,0,-0.1,0,False,False,-58.09000000000019
711,Action.LEFT,4,1,37,2.0,0,0,-0.1,0,False,False,-58.19000000000019
712,Action.LEFT,4,1,37,2.0,0,0,-0.1,0,False,False,-58.29000000000019
713,Action.LEFT,4,1,37,2.0,0,0,-0.1,0,False,False,-58.39000000000019
714,Action.LEFT,4,1,37,2.0,0,0,-2.1,0,False,False,-60.490000000000194
715,Action.LEFT,4,1,37,2.0,0,0,-2.1,0,False,False,-62.590000000000195
716,Action.LEFT,4,1,37,2.0,0,0,-2.1,0,False,False,-64.6900000000002
717,Action.RIGHT,5,1,37,3.0,0,0,0.0,0,False,False,-64.6900000000002
718,Action.LEFT,4,1,37,2.0,0,0,-0.1,0,False,False,-64.79000000000019
719,Action.LEFT,4,1,37,2.0,0,0,-0.1,0,False,False,-64.89000000000019
720,Action.LEFT,4,1,37,2.0,0,0,-0.1,0,False,False,-64.99000000000018
721,Action.LEFT,4,1,37,2.0,0,0,-0.1,0,False,False,-65.09000000000017
722,Action.LEFT,4,1,37,2.0,0,0,-0.1,0,False,False,-65.19000000000017
723,Action.LEFT,4,1,37,2.0,0,0,-0.1,0,False,False,-65.29000000000016
724,Action.LEFT,4,1,37,2.0,0,0,-0.1,0,False,False,-65.39000000000016
725,Action.LEFT,4,1,37,2.0,0,0,-0.1,0,False,False,-65.49000000000015
726,Action.LEFT,4,1,37,2.0,0,0,-0.1,0,False,False,-65.59000000000015
727,Action.LEFT,4,1,37,2.0,0,0,-2.1,0,False,False,-67.69000000000014
728,Action.LEFT,4,1,37,2.0,0,0,-2.1,0,False,False,-69.79000000000013
729,Action.LEFT,4,1,37,2.0,0,0,-2.1,0,False,False,-71.89000000000013
730,Action.A,4,1,37,2.0,0,0,-0.1,0,False,False,-71.99000000000012
731,Action.NO_OP,4,1,37,2.0,0,0,-0.1,0,False,False,-72.09000000000012
732,Action.NO_OP,4,1,37,2.0,0,0,-0.1,0,False,False,-72.19000000000011
733,Action.NO_OP,4,1,37,2.0,0,0,-0.1,0,False,False,-72.2900000000001
734,Action.A,4,1,37,2.0,0,0,-0.1,0,False,False,-72.3900000000001
735,Action.LEFT,4,1,37,2.0,0,0,-0.1,0,False,False,-72.4900000000001
736,Action.LEFT,4,1,37,2.0,0,0,-0.1,0,False,False,-72.59000000000009
737,Action.LEFT,4,1,37,2.0,0,0,-0.1,0,False,False,-72.69000000000008
738,Action.LEFT,4,1,37,2.0,0,0,-0.1,0,False,False,-72.79000000000008
739,Action.LEFT,4,1,37,2.0,0,0,-0.1,0,False,False,-72.89000000000007
740,Action.LEFT,4,1,37,2.0,0,0,-0.1,0,False,False,-72.99000000000007
741,Action.LEFT,4,1,37,2.0,0,0,-0.1,0,False,False,-73.09000000000006
742,Action.LEFT,4,1,37,2.0,0,0,-0.1,0,False,False,-73.19000000000005
743,Action.RIGHT,5,1,37,3.0,0,0,-0.03,0,False,False,-73.22000000000006
744,Action.LEFT,4,1,37,2.0,0,0,-0.1,0,False,False,-73.32000000000005
745,Action.LEFT,4,1,37,2.0,0,0,-0.1,0,False,False,-73.42000000000004
746,Action.LEFT,4,1,37,2.0,0,0,-0.1,0,False,False,-73.52000000000004
747,Action.LEFT,4,1,37,2.0,0,0,-0.1,0,False,False,-73.62000000000003
748,Action.LEFT,4,1,37,2.0,0,0,-0.1,0,False,False,-73.72000000000003
749,Action.LEFT,4,1,37,2.0,0,0,-0.1,0,False,False,-73.82000000000002
750,Action.LEFT,4,1,37,2.0,0,0,-0.1,0,False,False,-73.92000000000002
751,Action.LEFT,4,1,37,2.0,0,0,-0.1,0,False,False,-74.02000000000001
752,Action.LEFT,4,1,37,2.0,0,0,-0.1,0,False,False,-74.12
753,Action.A,4,1,37,2.0,0,0,-0.1,0,False,False,-74.22
754,Action.UP,4,1,37,2.0,0,0,-0.1,0,False,False,-74.32
755,Action.UP,4,1,37,2.0,0,0,-0.1,0,False,False,-74.41999999999999
756,Action.RIGHT,4,1,37,2.0,0,0,-0.1,0,False,False,-74.51999999999998
757,Action.RIGHT,4,1,37,2.0,0,0,-0.1,0,False,False,-74.61999999999998
758,Action.RIGHT,4,1,37,2.0,0,0,-0.1,0,False,False,-74.71999999999997
759,Action.A,4,1,37,2.0,0,0,-0.1,0,False,False,-74.81999999999996
760,Action.LEFT,4,1,37,2.0,0,0,-0.1,0,False,False,-74.91999999999996
761,Action.LEFT,4,1,37,2.0,0,0,-0.1,0,False,False,-75.01999999999995
762,Action.LEFT,4,1,37,2.0,0,0,-0.1,0,False,False,-75.11999999999995
763,Action.LEFT,4,1,37,2.0,0,0,-0.1,0,False,False,-75.21999999999994
764,Action.LEFT,4,1,37,2.0,0,0,-0.1,0,False,False,-75.31999999999994
765,Action.LEFT,4,1,37,2.0,0,0,-0.1,0,False,False,-75.41999999999993
766,Action.LEFT,4,1,37,2.0,0,0,-0.1,0,False,False,-75.51999999999992
767,Action.LEFT,4,1,37,2.0,0,0,-0.1,0,False,False,-75.61999999999992
768,Action.LEFT,4,1,37,2.0,0,0,-0.1,0,False,False,-75.71999999999991
769,Action.DOWN,4,2,37,0.0,0,0,0.0,0,False,False,-75.71999999999991
770,Action.LEFT,3,2,37,2.0,0,0,0.0,0,False,False,-75.71999999999991
771,Action.A,3,2,37,2.0,0,0,1.0,0,False,False,-74.71999999999991
772,Action.A,3,2,37,2.0,0,0,0.0,0,False,False,-74.71999999999991
773,Action.A,3,2,37,2.0,0,0,-0.03,0,False,False,-74.74999999999991
774,Action.A,3,2,37,2.0,0,0,-0.04,0,False,False,-74.78999999999992
775,Action.A,3,2,37,2.0,0,0,-0.05,0,False,False,-74.83999999999992
776,Action.A,3,2,37,2.0,0,0,-0.06,0,False,False,-74.89999999999992
777,Action.A,3,2,37,2.0,0,0,-0.07,0,False,False,-74.96999999999991
778,Action.A,3,2,37,2.0,0,0,-0.08,0,False,False,-75.04999999999991
779,Action.A,3,2,37,2.0,0,0,-0.09,0,False,False,-75.13999999999992
780,Action.A,3,2,37,2.0,0,0,-2.1,0,False,False,-77.23999999999991
781,Action.A,3,2,37,2.0,0,0,-2.1,0,False,False,-79.3399999999999
782,Action.A,3,2,37,2.0,0,0,-2.1,0,False,False,-81.4399999999999
783,Action.A,3,2,37,2.0,0,0,-2.1,0,False,False,-83.53999999999989
784,Action.A,3,2,37,2.0,0,0,-2.1,0,False,False,-85.63999999999989
785,Action.A,3,2,37,2.0,0,0,-2.1,0,False,False,-87.73999999999988
786,Action.A,3,2,37,2.0,0,0,-2.1,0,False,False,-89.83999999999988
787,Action.A,3,2,37,2.0,0,0,-2.1,0,False,False,-91.93999999999987
788,Action.A,3,2,37,2.0,0,0,-2.1,0,False,False,-94.03999999999986
789,Action.A,3,2,37,2.0,0,0,-2.1,0,False,False,-96.13999999999986
790,Action.A,3,2,37,2.0,0,0,-2.1,0,False,False,-98.23999999999985
791,Action.A,3,2,37,2.0,0,0,-2.1,0,False,False,-100.33999999999985
792,Action.A,3,2,37,2.0,0,0,-2.1,0,False,False,-102.43999999999984
793,Action.A,3,2,37,2.0,0,0,-2.1,0,False,False,-104.53999999999984
794,Action.UP,3,2,37,1.0,0,0,-0.1,0,False,False,-104.63999999999983
795,Action.A,3,2,37,1.0,0,0,-0.1,0,False,False,-104.73999999999982
796,Action.DOWN,3,2,37,1.0,0,0,-0.1,0,False,False,-104.83999999999982
797,Action.DOWN,3,2,37,1.0,0,0,-0.1,0,False,False,-104.93999999999981
798,Action.DOWN,3,2,37,1.0,0,0,-0.1,0,False,False,-105.03999999999981
799,Action.DOWN,3,2,37,1.0,0,0,-0.1,0,False,False,-105.1399999999998
800,Action.DOWN,3,2,37,1.0,0,0,-0.1,0,False,False,-105.2399999999998
801,Action.DOWN,3,2,37,1.0,0,0,-0.1,0,False,False,-105.33999999999979
802,Action.DOWN,3,2,37,1.0,0,0,-0.1,0,False,False,-105.43999999999978
803,Action.DOWN,3,2,37,1.0,0,0,-0.1,0,False,False,-105.53999999999978
804,Action.DOWN,3,2,37,1.0,0,0,-0.1,0,False,False,-105.63999999999977
805,Action.DOWN,3,2,37,1.0,0,0,-2.1,0,False,False,-107.73999999999977
806,Action.UP,3,2,37,1.0,0,0,-0.1,0,False,False,-107.83999999999976
807,Action.DOWN,3,2,37,1.0,0,0,-0.1,0,False,False,-107.93999999999976
808,Action.DOWN,3,2,37,1.0,0,0,-0.1,0,False,False,-108.03999999999975
809,Action.DOWN,3,2,37,1.0,0,0,-0.1,0,False,False,-108.13999999999974
810,Action.DOWN,3,2,37,1.0,0,0,-0.1,0,False,False,-108.23999999999974
811,Action.NO_OP,3,2,37,1.0,0,0,-0.1,0,False,False,-108.33999999999973
812,Action.DOWN,3,2,37,1.0,0,0,-0.1,0,False,False,-108.43999999999973
813,Action.DOWN,3,2,37,1.0,0,0,-0.1,0,False,False,-108.53999999999972
814,Action.DOWN,3,2,37,1.0,0,0,-0.1,0,False,False,-108.63999999999972
815,Action.DOWN,3,2,37,1.0,0,0,-0.1,0,False,False,-108.73999999999971
816,Action.DOWN,3,2,37,1.0,0,0,-0.1,0,False,False,-108.8399999999997
817,Action.DOWN,3,2,37,1.0,0,0,-0.1,0,False,False,-108.9399999999997
818,Action.DOWN,3,2,37,1.0,0,0,-0.1,0,False,False,-109.0399999999997
819,Action.DOWN,3,2,37,1.0,0,0,-0.1,0,False,False,-109.13999999999969
820,Action.DOWN,3,2,37,1.0,0,0,-0.1,0,False,False,-109.23999999999968
821,Action.DOWN,3,2,37,1.0,0,0,-2.1,0,False,False,-111.33999999999968
822,Action.DOWN,3,2,37,1.0,0,0,-2.1,0,False,False,-113.43999999999967
823,Action.DOWN,3,2,37,1.0,0,0,-2.1,0,False,False,-115.53999999999967
824,Action.DOWN,3,2,37,1.0,0,0,-2.1,0,False,False,-117.63999999999966
825,Action.DOWN,3,2,37,1.0,0,0,-2.1,0,False,False,-119.73999999999965
826,Action.DOWN,3,2,37,1.0,0,0,-2.1,0,False,False,-121.83999999999965
827,Action.DOWN,3,2,37,1.0,0,0,-2.1,0,False,False,-123.93999999999964
828,Action.DOWN,3,2,37,1.0,0,0,-2.1,0,False,False,-126.03999999999964
829,Action.DOWN,3,2,37,1.0,0,0,-2.1,0,False,False,-128.13999999999965
830,Action.DOWN,3,2,37,1.0,0,0,-2.1,0,False,False,-130.23999999999964
831,Action.DOWN,3,2,37,1.0,0,0,-2.1,0,False,False,-132.33999999999963
832,Action.DOWN,3,2,37,1.0,0,0,-2.1,0,False,False,-134.43999999999963
833,Action.DOWN,3,2,37,1.0,0,0,-2.1,0,False,False,-136.53999999999962
834,Action.DOWN,3,2,37,1.0,0,0,-2.1,0,False,False,-138.63999999999962
835,Action.DOWN,3,2,37,1.0,0,0,-2.1,0,False,False,-140.7399999999996
836,Action.DOWN,3,2,37,1.0,0,0,-2.1,0,False,False,-142.8399999999996
837,Action.DOWN,3,2,37,1.0,0,0,-2.1,0,False,False,-144.9399999999996
838,Action.DOWN,3,2,37,1.0,0,0,-2.1,0,False,False,-147.0399999999996
839,Action.DOWN,3,2,37,1.0,0,0,-2.1,0,False,False,-149.1399999999996
840,Action.DOWN,3,2,37,1.0,0,0,-2.1,0,False,False,-151.23999999999958
841,Action.DOWN,3,2,37,1.0,0,0,-2.1,0,False,False,-153.33999999999958
842,Action.DOWN,3,2,37,1.0,0,0,-2.1,0,False,False,-155.43999999999957
843,Action.DOWN,3,2,37,1.0,0,0,-2.1,0,False,False,-157.53999999999957
844,Action.DOWN,3,2,37,1.0,0,0,-2.1,0,False,False,-159.63999999999956
845,Action.DOWN,3,2,37,1.0,0,0,-2.1,0,False,False,-161.73999999999955
846,Action.DOWN,3,2,37,1.0,0,0,-2.1,0,False,False,-163.83999999999955
847,Action.DOWN,3,2,37,1.0,0,0,-2.1,0,False,False,-165.93999999999954
848,Action.DOWN,3,2,37,1.0,0,0,-2.1,0,False,False,-168.03999999999954
849,Action.DOWN,3,2,37,1.0,0,0,-2.1,0,False,False,-170.13999999999953
850,Action.DOWN,3,2,37,1.0,0,0,-2.1,0,False,False,-172.23999999999953
851,Action.DOWN,3,2,37,1.0,0,0,-2.1,0,False,False,-174.33999999999952
852,Action.DOWN,3,2,37,1.0,0,0,-2.1,0,False,False,-176.43999999999951
853,Action.DOWN,3,2,37,1.0,0,0,-2.1,0,False,False,-178.5399999999995
854,Action.DOWN,3,2,37,1.0,0,0,-2.1,0,False,False,-180.6399999999995
855,Action.DOWN,3,2,37,1.0,0,0,-2.1,0,False,False,-182.7399999999995
856,Action.DOWN,3,2,37,1.0,0,0,-2.1,0,False,False,-184.8399999999995
857,Action.DOWN,3,2,37,1.0,0,0,-2.1,0,False,False,-186.9399999999995
858,Action.DOWN,3,2,37,1.0,0,0,-2.1,0,False,False,-189.03999999999948
859,Action.DOWN,3,2,37,1.0,0,0,-2.1,0,False,False,-191.13999999999947
860,Action.DOWN,3,2,37,1.0,0,0,-2.1,0,False,False,-193.23999999999947
861,Action.DOWN,3,2,37,1.0,0,0,-2.1,0,False,False,-195.33999999999946
862,Action.DOWN,3,2,37,1.0,0,0,-2.1,0,False,False,-197.43999999999946
863,Action.DOWN,3,2,37,1.0,0,0,-2.1,0,False,False,-199.53999999999945
864,Action.DOWN,3,2,37,1.0,0,0,-2.1,0,False,False,-201.63999999999945
865,Action.DOWN,3,2,37,1.0,0,0,-2.1,0,False,False,-203.73999999999944
866,Action.DOWN,3,2,37,1.0,0,0,-2.1,0,False,False,-205.83999999999943
867,Action.DOWN,3,2,37,1.0,0,0,-2.1,0,False,False,-207.93999999999943
868,Action.DOWN,3,2,37,1.0,0,0,-2.1,0,False,False,-210.03999999999942
869,Action.DOWN,3,2,37,1.0,0,0,-2.1,0,False,False,-212.13999999999942
870,Action.DOWN,3,2,37,1.0,0,0,-2.1,0,False,False,-214.2399999999994
871,Action.DOWN,3,2,37,1.0,0,0,-2.1,0,False,False,-216.3399999999994
872,Action.DOWN,3,2,37,1.0,0,0,-2.1,0,False,False,-218.4399999999994
873,Action.DOWN,3,2,37,1.0,0,0,-2.1,0,False,False,-220.5399999999994
874,Action.DOWN,3,2,37,1.0,0,0,-2.1,0,False,False,-222.6399999999994
875,Action.DOWN,3,2,37,1.0,0,0,-2.1,0,False,False,-224.73999999999938
876,Action.DOWN,3,2,37,1.0,0,0,-2.1,0,False,False,-226.83999999999938
877,Action.DOWN,3,2,37,1.0,0,0,-2.1,0,False,False,-228.93999999999937
878,Action.DOWN,3,2,37,1.0,0,0,-2.1,0,False,False,-231.03999999999937
879,Action.UP,3,2,37,1.0,0,0,-0.1,0,False,False,-231.13999999999936
880,Action.DOWN,3,2,37,1.0,0,0,-0.1,0,False,False,-231.23999999999936
881,Action.A,3,2,37,1.0,0,0,-0.1,0,False,False,-231.33999999999935
882,Action.DOWN,3,2,37,1.0,0,0,-0.1,0,False,False,-231.43999999999934
883,Action.DOWN,3,2,37,1.0,0,0,-0.1,0,False,False,-231.53999999999934
884,Action.DOWN,3,2,37,1.0,0,0,-0.1,0,False,False,-231.63999999999933
885,Action.DOWN,3,2,37,1.0,0,0,-0.1,0,False,False,-231.73999999999933
886,Action.DOWN,3,2,37,1.0,0,0,-0.1,0,False,False,-231.83999999999932
887,Action.DOWN,3,2,37,1.0,0,0,-0.1,0,False,False,-231.93999999999932
888,Action.DOWN,3,2,37,1.0,0,0,-0.1,0,False,False,-232.0399999999993
889,Action.DOWN,3,2,37,1.0,0,0,-0.1,0,False,False,-232.1399999999993
890,Action.DOWN,3,2,37,1.0,0,0,-0.1,0,False,False,-232.2399999999993
891,Action.DOWN,3,2,37,1.0,0,0,-2.1,0,False,False,-234.3399999999993
892,Action.DOWN,3,2,37,1.0,0,0,-2.1,0,False,False,-236.4399999999993
893,Action.DOWN,3,2,37,1.0,0,0,-2.1,0,False,False,-238.53999999999928
894,Action.DOWN,3,2,37,1.0,0,0,-2.1,0,False,False,-240.63999999999928
895,Action.DOWN,3,2,37,1.0,0,0,-2.1,0,False,False,-242.73999999999927
896,Action.DOWN,3,2,37,1.0,0,0,-2.1,0,False,False,-244.83999999999926
897,Action.DOWN,3,2,37,1.0,0,0,-2.1,0,False,False,-246.93999999999926
898,Action.DOWN,3,2,37,1.0,0,0,-2.1,0,False,False,-249.03999999999925
899,Action.DOWN,3,2,37,1.0,0,0,-2.1,0,False,False,-251.13999999999925
900,Action.DOWN,3,2,37,1.0,0,0,-2.1,0,False,False,-253.23999999999924
901,Action.DOWN,3,2,37,1.0,0,0,-2.1,0,False,False,-255.33999999999924
902,Action.DOWN,3,2,37,1.0,0,0,-2.1,0,False,False,-257.43999999999926
903,Action.DOWN,3,2,37,1.0,0,0,-2.1,0,False,False,-259.5399999999993
904,Action.DOWN,3,2,37,1.0,0,0,-2.1,0,False,False,-261.6399999999993
905,Action.DOWN,3,2,37,1.0,0,0,-2.1,0,False,False,-263.7399999999993
906,Action.DOWN,3,2,37,1.0,0,0,-2.1,0,False,False,-265.83999999999935
907,Action.DOWN,3,2,37,1.0,0,0,-2.1,0,False,False,-267.9399999999994
908,Action.DOWN,3,2,37,1.0,0,0,-2.1,0,False,False,-270.0399999999994
909,Action.DOWN,3,2,37,1.0,0,0,-2.1,0,False,False,-272.1399999999994
910,Action.NO_OP,3,2,37,1.0,0,0,-0.1,0,False,False,-272.23999999999944
911,Action.DOWN,3,2,37,1.0,0,0,-0.1,0,False,False,-272.33999999999946
912,Action.DOWN,3,2,37,1.0,0,0,-0.1,0,False,False,-272.4399999999995
913,Action.DOWN,3,2,37,1.0,0,0,-0.1,0,False,False,-272.5399999999995
914,Action.DOWN,3,2,37,1.0,0,0,-0.1,0,False,False,-272.63999999999953
915,Action.DOWN,3,2,37,1.0,0,0,-0.1,0,False,False,-272.73999999999955
916,Action.DOWN,3,2,37,1.0,0,0,-0.1,0,False,False,-272.8399999999996
917,Action.DOWN,3,2,37,1.0,0,0,-0.1,0,False,False,-272.9399999999996
918,Action.DOWN,3,2,37,1.0,0,0,-0.1,0,False,False,-273.0399999999996
919,Action.DOWN,3,2,37,1.0,0,0,-0.1,0,False,False,-273.13999999999965
920,Action.DOWN,3,2,37,1.0,0,0,-2.1,0,False,False,-275.23999999999967
921,Action.DOWN,3,2,37,1.0,0,0,-2.1,0,False,False,-277.3399999999997
922,Action.DOWN,3,2,37,1.0,0,0,-2.1,0,False,False,-279.4399999999997
923,Action.UP,3,2,37,1.0,0,0,-0.1,0,False,False,-279.53999999999974
924,Action.DOWN,3,2,37,1.0,0,0,-0.1,0,False,False,-279.63999999999976
925,Action.DOWN,3,2,37,1.0,0,0,-0.1,0,False,False,-279.7399999999998
926,Action.DOWN,3,2,37,1.0,0,0,-0.1,0,False,False,-279.8399999999998
927,Action.DOWN,3,2,37,1.0,0,0,-0.1,0,False,False,-279.9399999999998
928,Action.DOWN,3,2,37,1.0,0,0,-0.1,0,False,False,-280.03999999999985
929,Action.DOWN,3,2,37,1.0,0,0,-0.1,0,False,False,-280.1399999999999
930,Action.DOWN,3,2,37,1.0,0,0,-0.1,0,False,False,-280.2399999999999
931,Action.DOWN,3,2,37,1.0,0,0,-0.1,0,False,False,-280.3399999999999
932,Action.DOWN,3,2,37,1.0,0,0,-0.1,0,False,False,-280.43999999999994
933,Action.DOWN,3,2,37,1.0,0,0,-2.1,0,False,False,-282.53999999999996
934,Action.DOWN,3,2,37,1.0,0,0,-2.1,0,False,False,-284.64
935,Action.DOWN,3,2,37,1.0,0,0,-2.1,0,False,False,-286.74
936,Action.DOWN,3,2,37,1.0,0,0,-2.1,0,False,False,-288.84000000000003
937,Action.DOWN,3,2,37,1.0,0,0,-2.1,0,False,False,-290.94000000000005
938,Action.DOWN,3,2,37,1.0,0,0,-2.1,0,False,False,-293.0400000000001
939,Action.DOWN,3,2,37,1.0,0,0,-2.1,0,False,False,-295.1400000000001
940,Action.DOWN,3,2,37,1.0,0,0,-2.1,0,False,False,-297.2400000000001
941,Action.DOWN,3,2,37,1.0,0,0,-2.1,0,False,False,-299.34000000000015
942,Action.DOWN,3,2,37,1.0,0,0,-2.1,0,False,False,-301.44000000000017
943,Action.DOWN,3,2,37,1.0,0,0,-2.1,0,False,False,-303.5400000000002
944,Action.DOWN,3,2,37,1.0,0,0,-2.1,0,False,False,-305.6400000000002
945,Action.DOWN,3,2,37,1.0,0,0,-2.1,0,False,False,-307.74000000000024
946,Action.DOWN,3,2,37,1.0,0,0,-2.1,0,False,False,-309.84000000000026
947,Action.DOWN,3,2,37,1.0,0,0,-2.1,0,False,False,-311.9400000000003
948,Action.DOWN,3,2,37,1.0,0,0,-2.1,0,False,False,-314.0400000000003
949,Action.DOWN,3,2,37,1.0,0,0,-2.1,0,False,False,-316.1400000000003
950,Action.DOWN,3,2,37,1.0,0,0,-2.1,0,False,False,-318.24000000000035
951,Action.DOWN,3,2,37,1.0,0,0,-2.1,0,False,False,-320.3400000000004
952,Action.DOWN,3,2,37,1.0,0,0,-2.1,0,False,False,-322.4400000000004
953,Action.DOWN,3,2,37,1.0,0,0,-2.1,0,False,False,-324.5400000000004
954,Action.DOWN,3,2,37,1.0,0,0,-2.1,0,False,False,-326.64000000000044
955,Action.DOWN,3,2,37,1.0,0,0,-2.1,0,False,False,-328.74000000000046
956,Action.DOWN,3,2,37,1.0,0,0,-2.1,0,False,False,-330.8400000000005
957,Action.DOWN,3,2,37,1.0,0,0,-2.1,0,False,False,-332.9400000000005
958,Action.DOWN,3,2,37,1.0,0,0,-2.1,0,False,False,-335.04000000000053
959,Action.DOWN,3,2,37,1.0,0,0,-2.1,0,False,False,-337.14000000000055
960,Action.DOWN,3,2,37,1.0,0,0,-2.1,0,False,False,-339.2400000000006
961,Action.DOWN,3,2,37,1.0,0,0,-2.1,0,False,False,-341.3400000000006
962,Action.DOWN,3,2,37,1.0,0,0,-2.1,0,False,False,-343.4400000000006
963,Action.DOWN,3,2,37,1.0,0,0,-2.1,0,False,False,-345.54000000000065
964,Action.DOWN,3,2,37,1.0,0,0,-2.1,0,False,False,-347.64000000000067
965,Action.DOWN,3,2,37,1.0,0,0,-2.1,0,False,False,-349.7400000000007
966,Action.DOWN,3,2,37,1.0,0,0,-2.1,0,False,False,-351.8400000000007
967,Action.DOWN,3,2,37,1.0,0,0,-2.1,0,False,False,-353.94000000000074
968,Action.DOWN,3,2,37,1.0,0,0,-2.1,0,False,False,-356.04000000000076
969,Action.DOWN,3,2,37,1.0,0,0,-2.1,0,False,False,-358.1400000000008
970,Action.DOWN,3,2,37,1.0,0,0,-2.1,0,False,False,-360.2400000000008
971,Action.DOWN,3,2,37,1.0,0,0,-2.1,0,False,False,-362.3400000000008
972,Action.DOWN,3,2,37,1.0,0,0,-2.1,0,False,False,-364.44000000000085
973,Action.DOWN,3,2,37,1.0,0,0,-2.1,0,False,False,-366.5400000000009
974,Action.DOWN,3,2,37,1.0,0,0,-2.1,0,False,False,-368.6400000000009
975,Action.DOWN,3,2,37,1.0,0,0,-2.1,0,False,False,-370.7400000000009
976,Action.DOWN,3,2,37,1.0,0,0,-2.1,0,False,False,-372.84000000000094
977,Action.DOWN,3,2,37,1.0,0,0,-2.1,0,False,False,-374.94000000000096
978,Action.DOWN,3,2,37,1.0,0,0,-2.1,0,False,False,-377.040000000001
979,Action.DOWN,3,2,37,1.0,0,0,-2.1,0,False,False,-379.140000000001
980,Action.DOWN,3,2,37,1.0,0,0,-2.1,0,False,False,-381.24000000000103
981,Action.NO_OP,3,2,37,1.0,0,0,-0.1,0,False,False,-381.34000000000106
982,Action.DOWN,3,2,37,1.0,0,0,-0.1,0,False,False,-381.4400000000011
983,Action.DOWN,3,2,37,1.0,0,0,-0.1,0,False,False,-381.5400000000011
984,Action.DOWN,3,2,37,1.0,0,0,-0.1,0,False,False,-381.6400000000011
985,Action.DOWN,3,2,37,1.0,0,0,-0.1,0,False,False,-381.74000000000115
986,Action.DOWN,3,2,37,1.0,0,0,-0.1,0,False,False,-381.84000000000117
987,Action.DOWN,3,2,37,1.0,0,0,-0.1,0,False,False,-381.9400000000012
988,Action.DOWN,3,2,37,1.0,0,0,-0.1,0,False,False,-382.0400000000012
989,Action.DOWN,3,2,37,1.0,0,0,-0.1,0,False,False,-382.14000000000124
990,Action.DOWN,3,2,37,1.0,0,0,-0.1,0,False,False,-382.24000000000126
991,Action.DOWN,3,2,37,1.0,0,0,-2.1,0,False,False,-384.3400000000013
992,Action.DOWN,3,2,37,1.0,0,0,-2.1,0,False,False,-386.4400000000013
993,Action.LEFT,3,2,37,1.0,0,0,-0.1,0,False,False,-386.5400000000013
994,Action.DOWN,3,2,37,1.0,0,0,-0.1,0,False,False,-386.64000000000135
995,Action.DOWN,3,2,37,1.0,0,0,-0.1,0,False,False,-386.7400000000014
996,Action.DOWN,3,2,37,1.0,0,0,-0.1,0,False,False,-386.8400000000014
997,Action.DOWN,3,2,37,1.0,0,0,-0.1,0,False,False,-386.9400000000014
998,Action.DOWN,3,2,37,1.0,0,0,-0.1,0,False,False,-387.04000000000144
999,Action.DOWN,3,2,37,1.0,0,0,-0.1,0,False,False,-387.14000000000146
1000,Action.DOWN,3,2,37,1.0,0,0,-0.1,0,False,False,-387.2400000000015
1001,Action.DOWN,3,2,37,1.0,0,0,-0.1,0,False,False,-387.3400000000015
1002,Action.DOWN,3,2,37,1.0,0,0,-0.1,0,False,False,-387.44000000000153
1003,Action.DOWN,3,2,37,1.0,0,0,-2.1,0,False,False,-389.54000000000156
1004,Action.DOWN,3,2,37,1.0,0,0,-2.1,0,False,False,-391.6400000000016
1005,Action.DOWN,3,2,37,1.0,0,0,-2.1,0,False,False,-393.7400000000016
1006,Action.DOWN,3,2,37,1.0,0,0,-2.1,0,False,False,-395.8400000000016
1007,Action.DOWN,3,2,37,1.0,0,0,-2.1,0,False,False,-397.94000000000165
1008,Action.DOWN,3,2,37,1.0,0,0,-2.1,0,False,False,-400.04000000000167
1009,Action.DOWN,3,2,37,1.0,0,0,-2.1,0,False,False,-402.1400000000017
1010,Action.DOWN,3,2,37,1.0,0,0,-2.1,0,False,False,-404.2400000000017
1011,Action.UP,3,2,37,1.0,0,0,-0.1,0,False,False,-404.34000000000174
1012,Action.DOWN,3,2,37,1.0,0,0,-0.1,0,False,False,-404.44000000000176
1013,Action.DOWN,3,2,37,1.0,0,0,-0.1,0,False,False,-404.5400000000018
1014,Action.DOWN,3,2,37,1.0,0,0,-0.1,0,False,False,-404.6400000000018
1015,Action.DOWN,3,2,37,1.0,0,0,-0.1,0,False,False,-404.7400000000018
1016,Action.DOWN,3,2,37,1.0,0,0,-0.1,0,False,False,-404.84000000000185
1017,Action.DOWN,3,2,37,1.0,0,0,-0.1,0,False,False,-404.9400000000019
1018,Action.LEFT,3,2,37,1.0,0,0,-0.1,0,False,False,-405.0400000000019
1019,Action.DOWN,3,2,37,1.0,0,0,-0.1,0,False,False,-405.1400000000019
1020,Action.DOWN,3,2,37,1.0,0,0,-0.1,0,False,False,-405.24000000000194
1021,Action.DOWN,3,2,37,1.0,0,0,-0.1,0,False,False,-405.34000000000196
1022,Action.DOWN,3,2,37,1.0,0,0,-0.1,0,False,False,-405.440000000002
1023,Action.DOWN,3,2,37,1.0,0,0,-0.1,0,False,False,-405.540000000002
1024,Action.DOWN,3,2,37,1.0,0,0,-0.1,0,False,False,-405.64000000000203
1025,Action.DOWN,3,2,37,1.0,0,0,-0.1,0,False,False,-405.74000000000206
1026,Action.DOWN,3,2,37,1.0,0,0,-0.1,0,False,False,-405.8400000000021
1027,Action.DOWN,3,2,37,1.0,0,0,-0.1,0,False,False,-405.9400000000021
1028,Action.DOWN,3,2,37,1.0,0,0,-2.1,0,False,False,-408.0400000000021
1029,Action.DOWN,3,2,37,1.0,0,0,-2.1,0,False,False,-410.14000000000215
1030,Action.DOWN,3,2,37,1.0,0,0,-2.1,0,False,False,-412.24000000000217
1031,Action.DOWN,3,2,37,1.0,0,0,-2.1,0,False,False,-414.3400000000022
1032,Action.DOWN,3,2,37,1.0,0,0,-2.1,0,False,False,-416.4400000000022
1033,Action.DOWN,3,2,37,1.0,0,0,-2.1,0,False,False,-418.54000000000224
1034,Action.DOWN,3,2,37,1.0,0,0,-2.1,0,False,False,-420.64000000000226
1035,Action.DOWN,3,2,37,1.0,0,0,-2.1,0,False,False,-422.7400000000023
1036,Action.DOWN,3,2,37,1.0,0,0,-2.1,0,False,False,-424.8400000000023
1037,Action.DOWN,3,2,37,1.0,0,0,-2.1,0,False,False,-426.9400000000023
1038,Action.DOWN,3,2,37,1.0,0,0,-2.1,0,False,False,-429.04000000000235
1039,Action.DOWN,3,2,37,1.0,0,0,-2.1,0,False,False,-431.1400000000024
1040,Action.DOWN,3,2,37,1.0,0,0,-2.1,0,False,False,-433.2400000000024
1041,Action.DOWN,3,2,37,1.0,0,0,-2.1,0,False,False,-435.3400000000024
1042,Action.DOWN,3,2,37,1.0,0,0,-2.1,0,False,False,-437.44000000000244
1043,Action.DOWN,3,2,37,1.0,0,0,-2.1,0,False,False,-439.54000000000246
1044,Action.DOWN,3,2,37,1.0,0,0,-2.1,0,False,False,-441.6400000000025
1045,Action.DOWN,3,2,37,1.0,0,0,-2.1,0,False,False,-443.7400000000025
1046,Action.DOWN,3,2,37,1.0,0,0,-2.1,0,False,False,-445.84000000000253
1047,Action.DOWN,3,2,37,1.0,0,0,-2.1,0,False,False,-447.94000000000256
1048,Action.DOWN,3,2,37,1.0,0,0,-2.1,0,False,False,-450.0400000000026
1049,Action.DOWN,3,2,37,1.0,0,0,-2.1,0,False,False,-452.1400000000026
1050,Action.DOWN,3,2,37,1.0,0,0,-2.1,0,False,False,-454.2400000000026
1051,Action.DOWN,3,2,37,1.0,0,0,-2.1,0,False,False,-456.34000000000265
1052,Action.DOWN,3,2,37,1.0,0,0,-2.1,0,False,False,-458.44000000000267
1053,Action.DOWN,3,2,37,1.0,0,0,-2.1,0,False,False,-460.5400000000027
1054,Action.RIGHT,3,2,37,1.0,0,0,-0.1,0,False,False,-460.6400000000027
1055,Action.DOWN,3,2,37,1.0,0,0,-0.1,0,False,False,-460.74000000000274
1056,Action.DOWN,3,2,37,1.0,0,0,-0.1,0,False,False,-460.84000000000276
1057,Action.DOWN,3,2,37,1.0,0,0,-0.1,0,False,False,-460.9400000000028
1058,Action.DOWN,3,2,37,1.0,0,0,-0.1,0,False,False,-461.0400000000028
1059,Action.DOWN,3,2,37,1.0,0,0,-0.1,0,False,False,-461.14000000000283
1060,Action.DOWN,3,2,37,1.0,0,0,-0.1,0,False,False,-461.24000000000285
1061,Action.DOWN,3,2,37,1.0,0,0,-0.1,0,False,False,-461.3400000000029
1062,Action.DOWN,3,2,37,1.0,0,0,-0.1,0,False,False,-461.4400000000029
1063,Action.DOWN,3,2,37,1.0,0,0,-0.1,0,False,False,-461.5400000000029
1064,Action.DOWN,3,2,37,1.0,0,0,-2.1,0,False,False,-463.64000000000294
1065,Action.DOWN,3,2,37,1.0,0,0,-2.1,0,False,False,-465.74000000000296
1066,Action.DOWN,3,2,37,1.0,0,0,-2.1,0,False,False,-467.840000000003
1067,Action.DOWN,3,2,37,1.0,0,0,-2.1,0,False,False,-469.940000000003
1068,Action.DOWN,3,2,37,1.0,0,0,-2.1,0,False,False,-472.04000000000303
1069,Action.A,3,2,37,1.0,0,0,-0.1,0,False,False,-472.14000000000306
1070,Action.DOWN,3,2,37,1.0,0,0,-0.1,0,False,False,-472.2400000000031
1071,Action.DOWN,3,2,37,1.0,0,0,-100.1,0,True,False,-572.3400000000031
